-- Generated by bun db/fixtures/generate-sql.ts; do not edit by hand.
BEGIN;
INSERT INTO ops.publish_snapshot (id, ingest_run_id, status, manifest, created_at, activated_at) VALUES ('00000000-0000-4000-8000-000000000001', NULL, 'active', $fixture${"fixture":"phase1","payload_schema_version":1,"organization_count":12}$fixture$::jsonb, '2026-07-21T12:00:00Z', '2026-07-21T12:00:00Z');
INSERT INTO core.organization (id, slug, display_name, legal_name, org_type, status, city, state, website, notes, created_at, updated_at) VALUES ('00000000-0000-4000-8000-000000000111', 'bayward-community-rowing', 'Bayward Community Rowing', 'Bayward Community Rowing', 'community_club', 'included', 'Bayward', 'CT', 'https://bayward-community.example.test', 'Phase 1 fixture organization 1', '2026-07-21T12:00:00Z', '2026-07-21T12:00:00Z');
INSERT INTO core.organization (id, slug, display_name, legal_name, org_type, status, city, state, website, notes, created_at, updated_at) VALUES ('00000000-0000-4000-8000-000000000107', 'blue-heron-community-oars', 'Blue Heron Community Oars', 'Blue Heron Community Oars', 'community_club', 'included', 'Blue Heron', 'VA', 'https://blue-heron-oars.example.test', 'Phase 1 fixture organization 2', '2026-07-21T12:00:00Z', '2026-07-21T12:00:00Z');
INSERT INTO core.organization (id, slug, display_name, legal_name, org_type, status, city, state, website, notes, created_at, updated_at) VALUES ('00000000-0000-4000-8000-000000000102', 'cedar-point-barge-club', 'Cedar Point Barge Club', 'Cedar Point Barge Club', 'private_membership_club', 'included', 'Cedar Point', 'OR', 'https://cedar-point.example.test', 'Phase 1 fixture organization 3', '2026-07-21T12:00:00Z', '2026-07-21T12:00:00Z');
INSERT INTO core.organization (id, slug, display_name, legal_name, org_type, status, city, state, website, notes, created_at, updated_at) VALUES ('00000000-0000-4000-8000-000000000112', 'cobalt-reach-club', 'Cobalt Reach Club', 'Cobalt Reach Club', 'community_club', 'included', 'Cobalt Reach', 'RI', 'https://cobalt-reach.example.test', 'Phase 1 fixture organization 4', '2026-07-21T12:00:00Z', '2026-07-21T12:00:00Z');
INSERT INTO core.organization (id, slug, display_name, legal_name, org_type, status, city, state, website, notes, created_at, updated_at) VALUES ('00000000-0000-4000-8000-000000000104', 'harborview-scholastic-oars', 'Harborview Scholastic Oars', 'Harborview Scholastic Oars', 'scholastic_program', 'included', 'Harborview', 'WA', 'https://harborview-oars.example.test', 'Phase 1 fixture organization 5', '2026-07-21T12:00:00Z', '2026-07-21T12:00:00Z');
INSERT INTO core.organization (id, slug, display_name, legal_name, org_type, status, city, state, website, notes, created_at, updated_at) VALUES ('00000000-0000-4000-8000-000000000108', 'juniper-creek-rowing', 'Juniper Creek Rowing', 'Juniper Creek Rowing', 'booster_club', 'included', 'Juniper Creek', 'NC', 'https://juniper-creek.example.test', 'Phase 1 fixture organization 6', '2026-07-21T12:00:00Z', '2026-07-21T12:00:00Z');
INSERT INTO core.organization (id, slug, display_name, legal_name, org_type, status, city, state, website, notes, created_at, updated_at) VALUES ('00000000-0000-4000-8000-000000000103', 'larkspur-river-adaptive', 'Larkspur River Adaptive', 'Larkspur River Adaptive', 'adaptive_program', 'included', 'Larkspur', 'CO', 'https://larkspur-adaptive.example.test', 'Phase 1 fixture organization 7', '2026-07-21T12:00:00Z', '2026-07-21T12:00:00Z');
INSERT INTO core.organization (id, slug, display_name, legal_name, org_type, status, city, state, website, notes, created_at, updated_at) VALUES ('00000000-0000-4000-8000-000000000101', 'millbrook-community-rowing', 'Millbrook Community Rowing', 'Millbrook Community Rowing Association', 'community_club', 'included', 'Millbrook', 'MA', 'https://millbrook-community.example.test', 'Phase 1 fixture organization 8', '2026-07-21T12:00:00Z', '2026-07-21T12:00:00Z');
INSERT INTO core.organization (id, slug, display_name, legal_name, org_type, status, city, state, website, notes, created_at, updated_at) VALUES ('00000000-0000-4000-8000-000000000106', 'northfield-masters-rowing', 'Northfield Masters Rowing', 'Northfield Masters Rowing', 'community_club', 'included', 'Northfield', 'MN', 'https://northfield-masters.example.test', 'Phase 1 fixture organization 9', '2026-07-21T12:00:00Z', '2026-07-21T12:00:00Z');
INSERT INTO core.organization (id, slug, display_name, legal_name, org_type, status, city, state, website, notes, created_at, updated_at) VALUES ('00000000-0000-4000-8000-000000000105', 'pineglass-collegiate-club', 'Pineglass Collegiate Club', 'Pineglass Collegiate Club', 'collegiate_club', 'included', 'Pineglass', 'NY', 'https://pineglass-collegiate.example.test', 'Phase 1 fixture organization 10', '2026-07-21T12:00:00Z', '2026-07-21T12:00:00Z');
INSERT INTO core.organization (id, slug, display_name, legal_name, org_type, status, city, state, website, notes, created_at, updated_at) VALUES ('00000000-0000-4000-8000-000000000110', 'redstone-river-collective', 'Redstone River Collective', 'Redstone River Club, Ltd.', 'private_membership_club', 'included', 'Redstone', 'PA', 'https://redstone-collective.example.test', 'Phase 1 fixture organization 11', '2026-07-21T12:00:00Z', '2026-07-21T12:00:00Z');
INSERT INTO core.organization (id, slug, display_name, legal_name, org_type, status, city, state, website, notes, created_at, updated_at) VALUES ('00000000-0000-4000-8000-000000000109', 'silverplain-river-collective', 'Silverplain River Collective', 'Silverplain Athletic Association, Inc.', 'association', 'included', 'Silverplain', 'IL', 'https://silverplain-collective.example.test', 'Phase 1 fixture organization 12', '2026-07-21T12:00:00Z', '2026-07-21T12:00:00Z');
INSERT INTO core.organization_alias (id, organization_id, alias) VALUES ('00000000-0000-4000-8000-000000000201', '00000000-0000-4000-8000-000000000110', 'Redstone River Club');
INSERT INTO core.organization_relationship (id, from_organization_id, to_organization_id, relationship_type, notes) VALUES ('00000000-0000-4000-8000-000000000202', '00000000-0000-4000-8000-000000000108', '00000000-0000-4000-8000-000000000111', 'boosters_for', 'Fixture booster relationship');
INSERT INTO read.published_snapshot (singleton, snapshot_id, created_at, updated_at) VALUES (true, '00000000-0000-4000-8000-000000000001', '2026-07-21T12:00:00Z', '2026-07-21T12:00:00Z');
INSERT INTO read.org_directory (snapshot_id, organization_id, slug, display_name, coverage_state, aliases, search_text, fye_month, created_at) VALUES ('00000000-0000-4000-8000-000000000001', '00000000-0000-4000-8000-000000000101', 'millbrook-community-rowing', 'Millbrook Community Rowing', '990', $fixture$["Millbrook Rowing","MCR"]$fixture$::jsonb, to_tsvector('simple', 'Millbrook Community Rowing millbrook-community-rowing Millbrook Rowing MCR'), 6, '2026-07-21T12:00:00Z');
INSERT INTO read.org_directory (snapshot_id, organization_id, slug, display_name, coverage_state, aliases, search_text, fye_month, created_at) VALUES ('00000000-0000-4000-8000-000000000001', '00000000-0000-4000-8000-000000000102', 'cedar-point-barge-club', 'Cedar Point Barge Club', '990ez', $fixture$["Cedar Point Barge","CPBC"]$fixture$::jsonb, to_tsvector('simple', 'Cedar Point Barge Club cedar-point-barge-club Cedar Point Barge CPBC'), 10, '2026-07-21T12:00:00Z');
INSERT INTO read.org_directory (snapshot_id, organization_id, slug, display_name, coverage_state, aliases, search_text, fye_month, created_at) VALUES ('00000000-0000-4000-8000-000000000001', '00000000-0000-4000-8000-000000000103', 'larkspur-river-adaptive', 'Larkspur River Adaptive', '990n_only', $fixture$["Larkspur Adaptive","LRA"]$fixture$::jsonb, to_tsvector('simple', 'Larkspur River Adaptive larkspur-river-adaptive Larkspur Adaptive LRA'), 12, '2026-07-21T12:00:00Z');
INSERT INTO read.org_directory (snapshot_id, organization_id, slug, display_name, coverage_state, aliases, search_text, fye_month, created_at) VALUES ('00000000-0000-4000-8000-000000000001', '00000000-0000-4000-8000-000000000104', 'harborview-scholastic-oars', 'Harborview Scholastic Oars', '990', $fixture$["Harborview Oars","HSO"]$fixture$::jsonb, to_tsvector('simple', 'Harborview Scholastic Oars harborview-scholastic-oars Harborview Oars HSO'), 6, '2026-07-21T12:00:00Z');
INSERT INTO read.org_directory (snapshot_id, organization_id, slug, display_name, coverage_state, aliases, search_text, fye_month, created_at) VALUES ('00000000-0000-4000-8000-000000000001', '00000000-0000-4000-8000-000000000105', 'pineglass-collegiate-club', 'Pineglass Collegiate Club', '990', $fixture$["Pineglass Crew","PCC"]$fixture$::jsonb, to_tsvector('simple', 'Pineglass Collegiate Club pineglass-collegiate-club Pineglass Crew PCC'), 10, '2026-07-21T12:00:00Z');
INSERT INTO read.org_directory (snapshot_id, organization_id, slug, display_name, coverage_state, aliases, search_text, fye_month, created_at) VALUES ('00000000-0000-4000-8000-000000000001', '00000000-0000-4000-8000-000000000106', 'northfield-masters-rowing', 'Northfield Masters Rowing', '990', $fixture$["Northfield Masters","NMR"]$fixture$::jsonb, to_tsvector('simple', 'Northfield Masters Rowing northfield-masters-rowing Northfield Masters NMR'), 12, '2026-07-21T12:00:00Z');
INSERT INTO read.org_directory (snapshot_id, organization_id, slug, display_name, coverage_state, aliases, search_text, fye_month, created_at) VALUES ('00000000-0000-4000-8000-000000000001', '00000000-0000-4000-8000-000000000107', 'blue-heron-community-oars', 'Blue Heron Community Oars', '990', $fixture$["Blue Heron Oars","BHCO"]$fixture$::jsonb, to_tsvector('simple', 'Blue Heron Community Oars blue-heron-community-oars Blue Heron Oars BHCO'), 6, '2026-07-21T12:00:00Z');
INSERT INTO read.org_directory (snapshot_id, organization_id, slug, display_name, coverage_state, aliases, search_text, fye_month, created_at) VALUES ('00000000-0000-4000-8000-000000000001', '00000000-0000-4000-8000-000000000108', 'juniper-creek-rowing', 'Juniper Creek Rowing', '990', $fixture$["Juniper Creek Boosters","JCR"]$fixture$::jsonb, to_tsvector('simple', 'Juniper Creek Rowing juniper-creek-rowing Juniper Creek Boosters JCR'), 12, '2026-07-21T12:00:00Z');
INSERT INTO read.org_directory (snapshot_id, organization_id, slug, display_name, coverage_state, aliases, search_text, fye_month, created_at) VALUES ('00000000-0000-4000-8000-000000000001', '00000000-0000-4000-8000-000000000109', 'silverplain-river-collective', 'Silverplain River Collective', '990', $fixture$["Silverplain Athletic Association","SRAC"]$fixture$::jsonb, to_tsvector('simple', 'Silverplain River Collective silverplain-river-collective Silverplain Athletic Association SRAC'), 10, '2026-07-21T12:00:00Z');
INSERT INTO read.org_directory (snapshot_id, organization_id, slug, display_name, coverage_state, aliases, search_text, fye_month, created_at) VALUES ('00000000-0000-4000-8000-000000000001', '00000000-0000-4000-8000-000000000110', 'redstone-river-collective', 'Redstone River Collective', '990', $fixture$["Redstone River Club","RRC"]$fixture$::jsonb, to_tsvector('simple', 'Redstone River Collective redstone-river-collective Redstone River Club RRC'), 6, '2026-07-21T12:00:00Z');
INSERT INTO read.org_directory (snapshot_id, organization_id, slug, display_name, coverage_state, aliases, search_text, fye_month, created_at) VALUES ('00000000-0000-4000-8000-000000000001', '00000000-0000-4000-8000-000000000111', 'bayward-community-rowing', 'Bayward Community Rowing', '990', $fixture$["Bayward Rowing","BCR"]$fixture$::jsonb, to_tsvector('simple', 'Bayward Community Rowing bayward-community-rowing Bayward Rowing BCR'), 6, '2026-07-21T12:00:00Z');
INSERT INTO read.org_directory (snapshot_id, organization_id, slug, display_name, coverage_state, aliases, search_text, fye_month, created_at) VALUES ('00000000-0000-4000-8000-000000000001', '00000000-0000-4000-8000-000000000112', 'cobalt-reach-club', 'Cobalt Reach Club', '990', $fixture$["Cobalt Reach","CRC"]$fixture$::jsonb, to_tsvector('simple', 'Cobalt Reach Club cobalt-reach-club Cobalt Reach CRC'), 12, '2026-07-21T12:00:00Z');
INSERT INTO read.org_profile (snapshot_id, organization_id, payload, payload_schema_version, created_at) VALUES ('00000000-0000-4000-8000-000000000001', '00000000-0000-4000-8000-000000000111', $fixture${"payload_schema_version":1,"org_id":"00000000-0000-4000-8000-000000000111","slug":"bayward-community-rowing","header":{"display_name":"Bayward Community Rowing","legal_name":"Bayward Community Rowing","city":"Bayward","state":"CT","org_type":"community_club","program_mix":["youth","masters","adaptive"],"website":"https://bayward-community.example.test","coverage_state":"990","blade_state":"none","filer_note":null},"snapshot":[{"key":"total_revenue","label":"Total revenue","ref":{"value":290000,"unit":"USD","period":{"tax_year":2024,"fy_end":"2025-06-30","label":"FY2024 (Jul 2024–Jun 2025)"},"quality_state":"verified","source":{"source_key":"irs_990_xml","form_type":"990","filing_id":"04-0000111-2024-990","source_path":"/Return/ReturnData/IRS990/CYTotalRevenueAmt","raw_url":"https://example.test/filings/04-0000111-2024-990.xml","is_amended":false},"retrieved_at":"2026-07-20T12:00:00Z","parser_version":"cm-2026.07.1","metric":null}},{"key":"total_expenses","label":"Total expenses","ref":{"value":275000,"unit":"USD","period":{"tax_year":2024,"fy_end":"2025-06-30","label":"FY2024 (Jul 2024–Jun 2025)"},"quality_state":"verified","source":{"source_key":"irs_990_xml","form_type":"990","filing_id":"04-0000111-2024-990","source_path":"/Return/ReturnData/IRS990/TotalExpensesAmt","raw_url":"https://example.test/filings/04-0000111-2024-990.xml","is_amended":false},"retrieved_at":"2026-07-20T12:00:00Z","parser_version":"cm-2026.07.1","metric":null}}],"coverage":[{"tax_year":2022,"fy_end":"2023-06-30","status":"990"},{"tax_year":2023,"fy_end":"2024-06-30","status":"990"},{"tax_year":2024,"fy_end":"2025-06-30","status":"990"}],"people":[],"relationships":[],"generated_at":"2026-07-21T12:00:00Z"}$fixture$::jsonb, 1, '2026-07-21T12:00:00Z');
INSERT INTO read.org_profile (snapshot_id, organization_id, payload, payload_schema_version, created_at) VALUES ('00000000-0000-4000-8000-000000000001', '00000000-0000-4000-8000-000000000107', $fixture${"payload_schema_version":1,"org_id":"00000000-0000-4000-8000-000000000107","slug":"blue-heron-community-oars","header":{"display_name":"Blue Heron Community Oars","legal_name":"Blue Heron Community Oars","city":"Blue Heron","state":"VA","org_type":"community_club","program_mix":["youth","masters"],"website":"https://blue-heron-oars.example.test","coverage_state":"990","blade_state":"none","filer_note":null},"snapshot":[{"key":"total_revenue","label":"Total revenue","ref":{"value":225000,"unit":"USD","period":{"tax_year":2024,"fy_end":"2025-06-30","label":"FY2024 (Jul 2024–Jun 2025)"},"quality_state":"verified","source":{"source_key":"irs_990_xml","form_type":"990","filing_id":"07-0000107-2024-990","source_path":"/Return/ReturnData/IRS990/CYTotalRevenueAmt","raw_url":"https://example.test/filings/07-0000107-2024-990.xml","is_amended":false},"retrieved_at":"2026-07-20T12:00:00Z","parser_version":"cm-2026.07.1","metric":null}},{"key":"total_expenses","label":"Total expenses","ref":{"value":214000,"unit":"USD","period":{"tax_year":2024,"fy_end":"2025-06-30","label":"FY2024 (Jul 2024–Jun 2025)"},"quality_state":"partial","source":{"source_key":"irs_990_xml","form_type":"990","filing_id":"07-0000107-2024-990","source_path":"/Return/ReturnData/IRS990/TotalExpensesAmt","raw_url":"https://example.test/filings/07-0000107-2024-990.xml","is_amended":false},"retrieved_at":"2026-07-20T12:00:00Z","parser_version":"cm-2026.07.1","metric":null}},{"key":"operating_margin","label":"Operating margin","ref":{"value":0.05,"unit":"USD","period":{"tax_year":2024,"fy_end":"2025-06-30","label":"FY2024 (Jul 2024–Jun 2025)"},"quality_state":"partial","source":{"source_key":"irs_990_xml","form_type":"990","filing_id":"07-0000107-2024-990","source_path":"operating_margin","raw_url":"https://example.test/filings/07-0000107-2024-990.xml","is_amended":false},"retrieved_at":"2026-07-20T12:00:00Z","parser_version":"cm-2026.07.1","metric":{"key":"operating_margin","version":1}}}],"coverage":[{"tax_year":2022,"fy_end":"2023-06-30","status":"990"},{"tax_year":2023,"fy_end":"2024-06-30","status":"990"},{"tax_year":2024,"fy_end":"2025-06-30","status":"990"}],"people":[],"relationships":[],"generated_at":"2026-07-21T12:00:00Z"}$fixture$::jsonb, 1, '2026-07-21T12:00:00Z');
INSERT INTO read.org_profile (snapshot_id, organization_id, payload, payload_schema_version, created_at) VALUES ('00000000-0000-4000-8000-000000000001', '00000000-0000-4000-8000-000000000102', $fixture${"payload_schema_version":1,"org_id":"00000000-0000-4000-8000-000000000102","slug":"cedar-point-barge-club","header":{"display_name":"Cedar Point Barge Club","legal_name":"Cedar Point Barge Club","city":"Cedar Point","state":"OR","org_type":"private_membership_club","program_mix":["masters","recreational"],"website":"https://cedar-point.example.test","coverage_state":"990ez","blade_state":"linked_only","filer_note":null},"snapshot":[{"key":"total_revenue","label":"Total revenue","ref":{"value":87000,"unit":"USD","period":{"tax_year":2024,"fy_end":"2024-10-31","label":"FY2024 (Nov 2023–Oct 2024)"},"quality_state":"verified","source":{"source_key":"irs_990_xml","form_type":"990EZ","filing_id":"02-0000102-2024-990EZ","source_path":"/Return/ReturnData/IRS990EZ/TotalRevenueAmt","raw_url":"https://example.test/filings/02-0000102-2024-990EZ.xml","is_amended":false},"retrieved_at":"2026-07-20T12:00:00Z","parser_version":"cm-2026.07.1","metric":null}},{"key":"total_expenses","label":"Total expenses","ref":{"value":81000,"unit":"USD","period":{"tax_year":2024,"fy_end":"2024-10-31","label":"FY2024 (Nov 2023–Oct 2024)"},"quality_state":"verified","source":{"source_key":"irs_990_xml","form_type":"990EZ","filing_id":"02-0000102-2024-990EZ","source_path":"/Return/ReturnData/IRS990EZ/TotalExpensesAmt","raw_url":"https://example.test/filings/02-0000102-2024-990EZ.xml","is_amended":false},"retrieved_at":"2026-07-20T12:00:00Z","parser_version":"cm-2026.07.1","metric":null}},{"key":"total_assets","label":"Total assets","ref":{"value":210000,"unit":"USD","period":{"tax_year":2024,"fy_end":"2024-10-31","label":"FY2024 (Nov 2023–Oct 2024)"},"quality_state":"verified","source":{"source_key":"irs_990_xml","form_type":"990EZ","filing_id":"02-0000102-2024-990EZ","source_path":"/Return/ReturnData/IRS990EZ/TotalAssetsEOYAmt","raw_url":"https://example.test/filings/02-0000102-2024-990EZ.xml","is_amended":false},"retrieved_at":"2026-07-20T12:00:00Z","parser_version":"cm-2026.07.1","metric":null}}],"coverage":[{"tax_year":2022,"fy_end":"2022-10-31","status":"990ez"},{"tax_year":2023,"fy_end":"2023-10-31","status":"990ez"},{"tax_year":2024,"fy_end":"2024-10-31","status":"990ez"}],"people":[],"relationships":[],"generated_at":"2026-07-21T12:00:00Z"}$fixture$::jsonb, 1, '2026-07-21T12:00:00Z');
INSERT INTO read.org_profile (snapshot_id, organization_id, payload, payload_schema_version, created_at) VALUES ('00000000-0000-4000-8000-000000000001', '00000000-0000-4000-8000-000000000112', $fixture${"payload_schema_version":1,"org_id":"00000000-0000-4000-8000-000000000112","slug":"cobalt-reach-club","header":{"display_name":"Cobalt Reach Club","legal_name":"Cobalt Reach Club","city":"Cobalt Reach","state":"RI","org_type":"community_club","program_mix":["masters","open/elite"],"website":"https://cobalt-reach.example.test","coverage_state":"990","blade_state":"none","filer_note":null},"snapshot":[{"key":"total_revenue","label":"Total revenue","ref":{"value":340000,"unit":"USD","period":{"tax_year":2024,"fy_end":"2024-12-31","label":"FY2024 (Jan 2024–Dec 2024)"},"quality_state":"verified","source":{"source_key":"irs_990_xml","form_type":"990","filing_id":"05-0000112-2024-990","source_path":"/Return/ReturnData/IRS990/CYTotalRevenueAmt","raw_url":"https://example.test/filings/05-0000112-2024-990.xml","is_amended":false},"retrieved_at":"2026-07-20T12:00:00Z","parser_version":"cm-2026.07.1","metric":null}},{"key":"total_expenses","label":"Total expenses","ref":{"value":322000,"unit":"USD","period":{"tax_year":2024,"fy_end":"2024-12-31","label":"FY2024 (Jan 2024–Dec 2024)"},"quality_state":"verified","source":{"source_key":"irs_990_xml","form_type":"990","filing_id":"05-0000112-2024-990","source_path":"/Return/ReturnData/IRS990/TotalExpensesAmt","raw_url":"https://example.test/filings/05-0000112-2024-990.xml","is_amended":false},"retrieved_at":"2026-07-20T12:00:00Z","parser_version":"cm-2026.07.1","metric":null}},{"key":"zero_revenue_year_2022","label":"Total revenue in 2022","ref":{"value":0,"unit":"USD","period":{"tax_year":2022,"fy_end":"2022-12-31","label":"FY2022 (Jan 2022–Dec 2022)"},"quality_state":"verified","source":{"source_key":"irs_990_xml","form_type":"990","filing_id":"05-0000112-2022-990","source_path":"/Return/ReturnData/IRS990/CYTotalRevenueAmt","raw_url":"https://example.test/filings/05-0000112-2022-990.xml","is_amended":false},"retrieved_at":"2026-07-20T12:00:00Z","parser_version":"cm-2026.07.1","metric":null}}],"coverage":[{"tax_year":2020,"fy_end":"2020-12-31","status":"990"},{"tax_year":2021,"fy_end":"2021-12-31","status":"990"},{"tax_year":2022,"fy_end":"2022-12-31","status":"990"},{"tax_year":2023,"fy_end":"2023-12-31","status":"990"},{"tax_year":2024,"fy_end":"2024-12-31","status":"990"}],"people":[],"relationships":[],"generated_at":"2026-07-21T12:00:00Z"}$fixture$::jsonb, 1, '2026-07-21T12:00:00Z');
INSERT INTO read.org_profile (snapshot_id, organization_id, payload, payload_schema_version, created_at) VALUES ('00000000-0000-4000-8000-000000000001', '00000000-0000-4000-8000-000000000104', $fixture${"payload_schema_version":1,"org_id":"00000000-0000-4000-8000-000000000104","slug":"harborview-scholastic-oars","header":{"display_name":"Harborview Scholastic Oars","legal_name":"Harborview Scholastic Oars","city":"Harborview","state":"WA","org_type":"scholastic_program","program_mix":["youth","scholastic"],"website":"https://harborview-oars.example.test","coverage_state":"990","blade_state":"permission_requested","filer_note":null},"snapshot":[{"key":"total_revenue","label":"Total revenue","ref":{"value":310000,"unit":"USD","period":{"tax_year":2024,"fy_end":"2025-06-30","label":"FY2024 (Jul 2024–Jun 2025)"},"quality_state":"verified","source":{"source_key":"irs_990_xml","form_type":"990","filing_id":"04-0000104-2024-990","source_path":"/Return/ReturnData/IRS990/CYTotalRevenueAmt","raw_url":"https://example.test/filings/04-0000104-2024-990.xml","is_amended":false},"retrieved_at":"2026-07-20T12:00:00Z","parser_version":"cm-2026.07.1","metric":null}},{"key":"total_expenses","label":"Total expenses","ref":{"value":295000,"unit":"USD","period":{"tax_year":2024,"fy_end":"2025-06-30","label":"FY2024 (Jul 2024–Jun 2025)"},"quality_state":"verified","source":{"source_key":"irs_990_xml","form_type":"990","filing_id":"04-0000104-2024-990","source_path":"/Return/ReturnData/IRS990/TotalExpensesAmt","raw_url":"https://example.test/filings/04-0000104-2024-990.xml","is_amended":false},"retrieved_at":"2026-07-20T12:00:00Z","parser_version":"cm-2026.07.1","metric":null}},{"key":"program_service_revenue","label":"Program service revenue","ref":{"value":260000,"unit":"USD","period":{"tax_year":2024,"fy_end":"2025-06-30","label":"FY2024 (Jul 2024–Jun 2025)"},"quality_state":"verified","source":{"source_key":"irs_990_xml","form_type":"990","filing_id":"04-0000104-2024-990","source_path":"/Return/ReturnData/IRS990/ProgramServiceRevenueAmt","raw_url":"https://example.test/filings/04-0000104-2024-990.xml","is_amended":false},"retrieved_at":"2026-07-20T12:00:00Z","parser_version":"cm-2026.07.1","metric":null}}],"coverage":[{"tax_year":2020,"fy_end":"2021-06-30","status":"990"},{"tax_year":2021,"fy_end":null,"status":"missing"},{"tax_year":2022,"fy_end":"2023-06-30","status":"990"},{"tax_year":2023,"fy_end":"2024-06-30","status":"990"},{"tax_year":2024,"fy_end":"2025-06-30","status":"990"}],"people":[],"relationships":[],"generated_at":"2026-07-21T12:00:00Z"}$fixture$::jsonb, 1, '2026-07-21T12:00:00Z');
INSERT INTO read.org_profile (snapshot_id, organization_id, payload, payload_schema_version, created_at) VALUES ('00000000-0000-4000-8000-000000000001', '00000000-0000-4000-8000-000000000108', $fixture${"payload_schema_version":1,"org_id":"00000000-0000-4000-8000-000000000108","slug":"juniper-creek-rowing","header":{"display_name":"Juniper Creek Rowing","legal_name":"Juniper Creek Rowing","city":"Juniper Creek","state":"NC","org_type":"booster_club","program_mix":["youth","scholastic"],"website":"https://juniper-creek.example.test","coverage_state":"990","blade_state":"club_supplied","filer_note":"This booster files separately to support Bayward Community Rowing."},"snapshot":[{"key":"total_revenue","label":"Total revenue","ref":{"value":46000,"unit":"USD","period":{"tax_year":2024,"fy_end":"2024-12-31","label":"FY2024 (Jan 2024–Dec 2024)"},"quality_state":"verified","source":{"source_key":"irs_990_xml","form_type":"990","filing_id":"01-0000108-2024-990","source_path":"/Return/ReturnData/IRS990/CYTotalRevenueAmt","raw_url":"https://example.test/filings/01-0000108-2024-990.xml","is_amended":false},"retrieved_at":"2026-07-20T12:00:00Z","parser_version":"cm-2026.07.1","metric":null}},{"key":"total_expenses","label":"Total expenses","ref":{"value":43000,"unit":"USD","period":{"tax_year":2024,"fy_end":"2024-12-31","label":"FY2024 (Jan 2024–Dec 2024)"},"quality_state":"verified","source":{"source_key":"irs_990_xml","form_type":"990","filing_id":"01-0000108-2024-990","source_path":"/Return/ReturnData/IRS990/TotalExpensesAmt","raw_url":"https://example.test/filings/01-0000108-2024-990.xml","is_amended":false},"retrieved_at":"2026-07-20T12:00:00Z","parser_version":"cm-2026.07.1","metric":null}}],"coverage":[{"tax_year":2024,"fy_end":"2024-12-31","status":"990"}],"people":[],"relationships":[{"relationship_type":"boosters_for","other_org_slug":"bayward-community-rowing","other_display_name":"Bayward Community Rowing","note":"Provides equipment and regatta travel support."}],"generated_at":"2026-07-21T12:00:00Z"}$fixture$::jsonb, 1, '2026-07-21T12:00:00Z');
INSERT INTO read.org_profile (snapshot_id, organization_id, payload, payload_schema_version, created_at) VALUES ('00000000-0000-4000-8000-000000000001', '00000000-0000-4000-8000-000000000103', $fixture${"payload_schema_version":1,"org_id":"00000000-0000-4000-8000-000000000103","slug":"larkspur-river-adaptive","header":{"display_name":"Larkspur River Adaptive","legal_name":"Larkspur River Adaptive","city":"Larkspur","state":"CO","org_type":"adaptive_program","program_mix":["adaptive","youth"],"website":"https://larkspur-adaptive.example.test","coverage_state":"990n_only","blade_state":"none","filer_note":null},"snapshot":[{"key":"filing_presence","label":"990-N filing present","ref":{"value":1,"unit":"count","period":{"tax_year":2024,"fy_end":"2024-12-31","label":"FY2024 (Jan 2024–Dec 2024)"},"quality_state":"verified","source":{"source_key":"irs_990n","form_type":"990N","filing_id":"03-0000103-2024-990N","source_path":"epostcard_presence","raw_url":"https://example.test/filings/03-0000103-2024-990N.json","is_amended":false},"retrieved_at":"2026-07-20T12:00:00Z","parser_version":"cm-2026.07.1","metric":null}}],"coverage":[{"tax_year":2022,"fy_end":"2022-12-31","status":"990n"},{"tax_year":2023,"fy_end":"2023-12-31","status":"990n"},{"tax_year":2024,"fy_end":"2024-12-31","status":"990n"}],"people":[],"relationships":[],"generated_at":"2026-07-21T12:00:00Z"}$fixture$::jsonb, 1, '2026-07-21T12:00:00Z');
INSERT INTO read.org_profile (snapshot_id, organization_id, payload, payload_schema_version, created_at) VALUES ('00000000-0000-4000-8000-000000000001', '00000000-0000-4000-8000-000000000101', $fixture${"payload_schema_version":1,"org_id":"00000000-0000-4000-8000-000000000101","slug":"millbrook-community-rowing","header":{"display_name":"Millbrook Community Rowing","legal_name":"Millbrook Community Rowing Association","city":"Millbrook","state":"MA","org_type":"community_club","program_mix":["youth","masters","adaptive"],"website":"https://millbrook-community.example.test","coverage_state":"990","blade_state":"none","filer_note":null},"snapshot":[{"key":"total_revenue","label":"Total revenue","ref":{"value":640000,"unit":"USD","period":{"tax_year":2024,"fy_end":"2025-06-30","label":"FY2024 (Jul 2024–Jun 2025)"},"quality_state":"verified","source":{"source_key":"irs_990_xml","form_type":"990","filing_id":"01-0000101-2024-990","source_path":"/Return/ReturnData/IRS990/CYTotalRevenueAmt","raw_url":"https://example.test/filings/01-0000101-2024-990.xml","is_amended":false},"retrieved_at":"2026-07-20T12:00:00Z","parser_version":"cm-2026.07.1","metric":null}},{"key":"total_expenses","label":"Total expenses","ref":{"value":590000,"unit":"USD","period":{"tax_year":2024,"fy_end":"2025-06-30","label":"FY2024 (Jul 2024–Jun 2025)"},"quality_state":"verified","source":{"source_key":"irs_990_xml","form_type":"990","filing_id":"01-0000101-2024-990","source_path":"/Return/ReturnData/IRS990/TotalExpensesAmt","raw_url":"https://example.test/filings/01-0000101-2024-990.xml","is_amended":false},"retrieved_at":"2026-07-20T12:00:00Z","parser_version":"cm-2026.07.1","metric":null}},{"key":"net_assets","label":"Net assets","ref":{"value":1400000,"unit":"USD","period":{"tax_year":2024,"fy_end":"2025-06-30","label":"FY2024 (Jul 2024–Jun 2025)"},"quality_state":"verified","source":{"source_key":"irs_990_xml","form_type":"990","filing_id":"01-0000101-2024-990","source_path":"/Return/ReturnData/IRS990/NetAssetsOrFundBalancesEOYAmt","raw_url":"https://example.test/filings/01-0000101-2024-990.xml","is_amended":false},"retrieved_at":"2026-07-20T12:00:00Z","parser_version":"cm-2026.07.1","metric":null}},{"key":"grant_revenue","label":"Grant revenue","ref":{"value":90000,"unit":"USD","period":{"tax_year":2024,"fy_end":"2025-06-30","label":"FY2024 (Jul 2024–Jun 2025)"},"quality_state":"verified","source":{"source_key":"irs_990_xml","form_type":"990","filing_id":"01-0000101-2024-990","source_path":"/Return/ReturnData/IRS990/GrantsAndContributionsAmt","raw_url":"https://example.test/filings/01-0000101-2024-990.xml","is_amended":false},"retrieved_at":"2026-07-20T12:00:00Z","parser_version":"cm-2026.07.1","metric":null}}],"coverage":[{"tax_year":2020,"fy_end":"2021-06-30","status":"990"},{"tax_year":2021,"fy_end":"2022-06-30","status":"990"},{"tax_year":2022,"fy_end":"2023-06-30","status":"990"},{"tax_year":2023,"fy_end":"2024-06-30","status":"990"},{"tax_year":2024,"fy_end":"2025-06-30","status":"990"}],"people":[],"relationships":[],"generated_at":"2026-07-21T12:00:00Z"}$fixture$::jsonb, 1, '2026-07-21T12:00:00Z');
INSERT INTO read.org_profile (snapshot_id, organization_id, payload, payload_schema_version, created_at) VALUES ('00000000-0000-4000-8000-000000000001', '00000000-0000-4000-8000-000000000106', $fixture${"payload_schema_version":1,"org_id":"00000000-0000-4000-8000-000000000106","slug":"northfield-masters-rowing","header":{"display_name":"Northfield Masters Rowing","legal_name":"Northfield Masters Rowing","city":"Northfield","state":"MN","org_type":"community_club","program_mix":["masters","recreational"],"website":"https://northfield-masters.example.test","coverage_state":"990","blade_state":"none","filer_note":null},"snapshot":[{"key":"total_revenue","label":"Total revenue","ref":{"value":515000,"unit":"USD","period":{"tax_year":2024,"fy_end":"2024-12-31","label":"FY2024 (Jan 2024–Dec 2024)"},"quality_state":"under_review","source":{"source_key":"irs_990_xml","form_type":"990","filing_id":"06-0000106-2024-990","source_path":"/Return/ReturnData/IRS990/CYTotalRevenueAmt","raw_url":"https://example.test/filings/06-0000106-2024-990.xml","is_amended":false},"retrieved_at":"2026-07-20T12:00:00Z","parser_version":"cm-2026.07.1","metric":null}},{"key":"total_expenses","label":"Total expenses","ref":{"value":480000,"unit":"USD","period":{"tax_year":2024,"fy_end":"2024-12-31","label":"FY2024 (Jan 2024–Dec 2024)"},"quality_state":"verified","source":{"source_key":"irs_990_xml","form_type":"990","filing_id":"06-0000106-2024-990","source_path":"/Return/ReturnData/IRS990/TotalExpensesAmt","raw_url":"https://example.test/filings/06-0000106-2024-990.xml","is_amended":false},"retrieved_at":"2026-07-20T12:00:00Z","parser_version":"cm-2026.07.1","metric":null}},{"key":"net_assets","label":"Net assets","ref":{"value":920000,"unit":"USD","period":{"tax_year":2024,"fy_end":"2024-12-31","label":"FY2024 (Jan 2024–Dec 2024)"},"quality_state":"verified","source":{"source_key":"irs_990_xml","form_type":"990","filing_id":"06-0000106-2024-990","source_path":"/Return/ReturnData/IRS990/NetAssetsOrFundBalancesEOYAmt","raw_url":"https://example.test/filings/06-0000106-2024-990.xml","is_amended":false},"retrieved_at":"2026-07-20T12:00:00Z","parser_version":"cm-2026.07.1","metric":null}}],"coverage":[{"tax_year":2022,"fy_end":"2022-12-31","status":"990"},{"tax_year":2023,"fy_end":"2023-12-31","status":"990"},{"tax_year":2024,"fy_end":"2024-12-31","status":"990"}],"people":[],"relationships":[],"generated_at":"2026-07-21T12:00:00Z"}$fixture$::jsonb, 1, '2026-07-21T12:00:00Z');
INSERT INTO read.org_profile (snapshot_id, organization_id, payload, payload_schema_version, created_at) VALUES ('00000000-0000-4000-8000-000000000001', '00000000-0000-4000-8000-000000000105', $fixture${"payload_schema_version":1,"org_id":"00000000-0000-4000-8000-000000000105","slug":"pineglass-collegiate-club","header":{"display_name":"Pineglass Collegiate Club","legal_name":"Pineglass Collegiate Club","city":"Pineglass","state":"NY","org_type":"collegiate_club","program_mix":["collegiate","youth"],"website":"https://pineglass-collegiate.example.test","coverage_state":"990","blade_state":"licensed","filer_note":null},"snapshot":[{"key":"total_revenue","label":"Total revenue","ref":{"value":455000,"unit":"USD","period":{"tax_year":2024,"fy_end":"2024-10-31","label":"FY2024 (Nov 2023–Oct 2024)"},"quality_state":"verified","source":{"source_key":"irs_990_xml","form_type":"990","filing_id":"05-0000105-2024-990","source_path":"/Return/ReturnData/IRS990/CYTotalRevenueAmt","raw_url":"https://example.test/filings/05-0000105-2024-990.xml","is_amended":false},"retrieved_at":"2026-07-20T12:00:00Z","parser_version":"cm-2026.07.1","metric":null}},{"key":"total_expenses","label":"Total expenses","ref":{"value":430000,"unit":"USD","period":{"tax_year":2024,"fy_end":"2024-10-31","label":"FY2024 (Nov 2023–Oct 2024)"},"quality_state":"verified","source":{"source_key":"irs_990_xml","form_type":"990","filing_id":"05-0000105-2024-990","source_path":"/Return/ReturnData/IRS990/TotalExpensesAmt","raw_url":"https://example.test/filings/05-0000105-2024-990.xml","is_amended":false},"retrieved_at":"2026-07-20T12:00:00Z","parser_version":"cm-2026.07.1","metric":null}},{"key":"net_assets","label":"Net assets","ref":{"value":800000,"unit":"USD","period":{"tax_year":2024,"fy_end":"2024-10-31","label":"FY2024 (Nov 2023–Oct 2024)"},"quality_state":"verified","source":{"source_key":"irs_990_xml","form_type":"990","filing_id":"05-0000105-2024-990","source_path":"/Return/ReturnData/IRS990/NetAssetsOrFundBalancesEOYAmt","raw_url":"https://example.test/filings/05-0000105-2024-990.xml","is_amended":false},"retrieved_at":"2026-07-20T12:00:00Z","parser_version":"cm-2026.07.1","metric":null}},{"key":"amended_total_revenue","label":"Amended total revenue","ref":{"value":398000,"unit":"USD","period":{"tax_year":2022,"fy_end":"2022-10-31","label":"FY2022 (Nov 2021–Oct 2022)"},"quality_state":"verified","source":{"source_key":"irs_990_xml","form_type":"990","filing_id":"05-0000105-2022-990-amended","source_path":"/Return/ReturnData/IRS990/CYTotalRevenueAmt","raw_url":"https://example.test/filings/05-0000105-2022-990-amended.xml","is_amended":true},"retrieved_at":"2026-07-20T12:00:00Z","parser_version":"cm-2026.07.1","metric":null}}],"coverage":[{"tax_year":2020,"fy_end":"2020-10-31","status":"990"},{"tax_year":2021,"fy_end":"2021-10-31","status":"990"},{"tax_year":2022,"fy_end":"2022-10-31","status":"amended"},{"tax_year":2023,"fy_end":"2023-10-31","status":"990"},{"tax_year":2024,"fy_end":"2024-10-31","status":"990"}],"people":[],"relationships":[],"generated_at":"2026-07-21T12:00:00Z"}$fixture$::jsonb, 1, '2026-07-21T12:00:00Z');
INSERT INTO read.org_profile (snapshot_id, organization_id, payload, payload_schema_version, created_at) VALUES ('00000000-0000-4000-8000-000000000001', '00000000-0000-4000-8000-000000000110', $fixture${"payload_schema_version":1,"org_id":"00000000-0000-4000-8000-000000000110","slug":"redstone-river-collective","header":{"display_name":"Redstone River Collective","legal_name":"Redstone River Club, Ltd.","city":"Redstone","state":"PA","org_type":"private_membership_club","program_mix":["masters","recreational"],"website":"https://redstone-collective.example.test","coverage_state":"990","blade_state":"linked_only","filer_note":null},"snapshot":[{"key":"total_revenue","label":"Total revenue","ref":{"value":275000,"unit":"USD","period":{"tax_year":2024,"fy_end":"2025-06-30","label":"FY2024 (Jul 2024–Jun 2025)"},"quality_state":"verified","source":{"source_key":"irs_990_xml","form_type":"990","filing_id":"03-0000110-2024-990","source_path":"/Return/ReturnData/IRS990/CYTotalRevenueAmt","raw_url":"https://example.test/filings/03-0000110-2024-990.xml","is_amended":false},"retrieved_at":"2026-07-20T12:00:00Z","parser_version":"cm-2026.07.1","metric":null}},{"key":"total_expenses","label":"Total expenses","ref":{"value":250000,"unit":"USD","period":{"tax_year":2024,"fy_end":"2025-06-30","label":"FY2024 (Jul 2024–Jun 2025)"},"quality_state":"verified","source":{"source_key":"irs_990_xml","form_type":"990","filing_id":"03-0000110-2024-990","source_path":"/Return/ReturnData/IRS990/TotalExpensesAmt","raw_url":"https://example.test/filings/03-0000110-2024-990.xml","is_amended":false},"retrieved_at":"2026-07-20T12:00:00Z","parser_version":"cm-2026.07.1","metric":null}},{"key":"net_assets","label":"Net assets","ref":{"value":470000,"unit":"USD","period":{"tax_year":2024,"fy_end":"2025-06-30","label":"FY2024 (Jul 2024–Jun 2025)"},"quality_state":"verified","source":{"source_key":"irs_990_xml","form_type":"990","filing_id":"03-0000110-2024-990","source_path":"/Return/ReturnData/IRS990/NetAssetsOrFundBalancesEOYAmt","raw_url":"https://example.test/filings/03-0000110-2024-990.xml","is_amended":false},"retrieved_at":"2026-07-20T12:00:00Z","parser_version":"cm-2026.07.1","metric":null}}],"coverage":[{"tax_year":2020,"fy_end":"2021-06-30","status":"990"},{"tax_year":2021,"fy_end":"2022-06-30","status":"990"},{"tax_year":2022,"fy_end":"2023-06-30","status":"990"},{"tax_year":2023,"fy_end":"2024-06-30","status":"990"},{"tax_year":2024,"fy_end":"2025-06-30","status":"990"}],"people":[],"relationships":[],"generated_at":"2026-07-21T12:00:00Z"}$fixture$::jsonb, 1, '2026-07-21T12:00:00Z');
INSERT INTO read.org_profile (snapshot_id, organization_id, payload, payload_schema_version, created_at) VALUES ('00000000-0000-4000-8000-000000000001', '00000000-0000-4000-8000-000000000109', $fixture${"payload_schema_version":1,"org_id":"00000000-0000-4000-8000-000000000109","slug":"silverplain-river-collective","header":{"display_name":"Silverplain River Collective","legal_name":"Silverplain Athletic Association, Inc.","city":"Silverplain","state":"IL","org_type":"association","program_mix":["masters","open/elite"],"website":"https://silverplain-collective.example.test","coverage_state":"990","blade_state":"none","filer_note":"The racing identity is shown under its incorporated athletic association filer."},"snapshot":[{"key":"total_revenue","label":"Total revenue","ref":{"value":385000,"unit":"USD","period":{"tax_year":2024,"fy_end":"2024-10-31","label":"FY2024 (Nov 2023–Oct 2024)"},"quality_state":"verified","source":{"source_key":"irs_990_xml","form_type":"990","filing_id":"02-0000109-2024-990","source_path":"/Return/ReturnData/IRS990/CYTotalRevenueAmt","raw_url":"https://example.test/filings/02-0000109-2024-990.xml","is_amended":false},"retrieved_at":"2026-07-20T12:00:00Z","parser_version":"cm-2026.07.1","metric":null}},{"key":"total_expenses","label":"Total expenses","ref":{"value":350000,"unit":"USD","period":{"tax_year":2024,"fy_end":"2024-10-31","label":"FY2024 (Nov 2023–Oct 2024)"},"quality_state":"verified","source":{"source_key":"irs_990_xml","form_type":"990","filing_id":"02-0000109-2024-990","source_path":"/Return/ReturnData/IRS990/TotalExpensesAmt","raw_url":"https://example.test/filings/02-0000109-2024-990.xml","is_amended":false},"retrieved_at":"2026-07-20T12:00:00Z","parser_version":"cm-2026.07.1","metric":null}},{"key":"net_assets","label":"Net assets","ref":{"value":610000,"unit":"USD","period":{"tax_year":2024,"fy_end":"2024-10-31","label":"FY2024 (Nov 2023–Oct 2024)"},"quality_state":"verified","source":{"source_key":"irs_990_xml","form_type":"990","filing_id":"02-0000109-2024-990","source_path":"/Return/ReturnData/IRS990/NetAssetsOrFundBalancesEOYAmt","raw_url":"https://example.test/filings/02-0000109-2024-990.xml","is_amended":false},"retrieved_at":"2026-07-20T12:00:00Z","parser_version":"cm-2026.07.1","metric":null}}],"coverage":[{"tax_year":2022,"fy_end":"2022-10-31","status":"990"},{"tax_year":2023,"fy_end":"2023-10-31","status":"990"},{"tax_year":2024,"fy_end":"2024-10-31","status":"990"}],"people":[],"relationships":[],"generated_at":"2026-07-21T12:00:00Z"}$fixture$::jsonb, 1, '2026-07-21T12:00:00Z');
INSERT INTO read.org_financial_series (id, snapshot_id, organization_id, series_key, series_version, tax_year, fiscal_year_end, value, quality_state, is_amended, source_ref, created_at) VALUES ('00000000-0000-4000-8000-000000000300', '00000000-0000-4000-8000-000000000001', '00000000-0000-4000-8000-000000000111', 'total_revenue', 1, 2024, '2025-06-30', 290000, 'verified', false, $fixture${"value":290000,"unit":"USD","period":{"tax_year":2024,"fy_end":"2025-06-30","label":"FY2024 (Jul 2024–Jun 2025)"},"quality_state":"verified","source":{"source_key":"irs_990_xml","form_type":"990","filing_id":"04-0000111-2024-990","source_path":"/Return/ReturnData/IRS990/CYTotalRevenueAmt","raw_url":"https://example.test/filings/04-0000111-2024-990.xml","is_amended":false},"retrieved_at":"2026-07-20T12:00:00Z","parser_version":"cm-2026.07.1","metric":null}$fixture$::jsonb, '2026-07-21T12:00:00Z');
INSERT INTO read.org_financial_series (id, snapshot_id, organization_id, series_key, series_version, tax_year, fiscal_year_end, value, quality_state, is_amended, source_ref, created_at) VALUES ('00000000-0000-4000-8000-000000000301', '00000000-0000-4000-8000-000000000001', '00000000-0000-4000-8000-000000000111', 'total_expenses', 1, 2024, '2025-06-30', 275000, 'verified', false, $fixture${"value":275000,"unit":"USD","period":{"tax_year":2024,"fy_end":"2025-06-30","label":"FY2024 (Jul 2024–Jun 2025)"},"quality_state":"verified","source":{"source_key":"irs_990_xml","form_type":"990","filing_id":"04-0000111-2024-990","source_path":"/Return/ReturnData/IRS990/TotalExpensesAmt","raw_url":"https://example.test/filings/04-0000111-2024-990.xml","is_amended":false},"retrieved_at":"2026-07-20T12:00:00Z","parser_version":"cm-2026.07.1","metric":null}$fixture$::jsonb, '2026-07-21T12:00:00Z');
INSERT INTO read.org_financial_series (id, snapshot_id, organization_id, series_key, series_version, tax_year, fiscal_year_end, value, quality_state, is_amended, source_ref, created_at) VALUES ('00000000-0000-4000-8000-000000000302', '00000000-0000-4000-8000-000000000001', '00000000-0000-4000-8000-000000000107', 'total_revenue', 1, 2024, '2025-06-30', 225000, 'verified', false, $fixture${"value":225000,"unit":"USD","period":{"tax_year":2024,"fy_end":"2025-06-30","label":"FY2024 (Jul 2024–Jun 2025)"},"quality_state":"verified","source":{"source_key":"irs_990_xml","form_type":"990","filing_id":"07-0000107-2024-990","source_path":"/Return/ReturnData/IRS990/CYTotalRevenueAmt","raw_url":"https://example.test/filings/07-0000107-2024-990.xml","is_amended":false},"retrieved_at":"2026-07-20T12:00:00Z","parser_version":"cm-2026.07.1","metric":null}$fixture$::jsonb, '2026-07-21T12:00:00Z');
INSERT INTO read.org_financial_series (id, snapshot_id, organization_id, series_key, series_version, tax_year, fiscal_year_end, value, quality_state, is_amended, source_ref, created_at) VALUES ('00000000-0000-4000-8000-000000000303', '00000000-0000-4000-8000-000000000001', '00000000-0000-4000-8000-000000000107', 'total_expenses', 1, 2024, '2025-06-30', 214000, 'partial', false, $fixture${"value":214000,"unit":"USD","period":{"tax_year":2024,"fy_end":"2025-06-30","label":"FY2024 (Jul 2024–Jun 2025)"},"quality_state":"partial","source":{"source_key":"irs_990_xml","form_type":"990","filing_id":"07-0000107-2024-990","source_path":"/Return/ReturnData/IRS990/TotalExpensesAmt","raw_url":"https://example.test/filings/07-0000107-2024-990.xml","is_amended":false},"retrieved_at":"2026-07-20T12:00:00Z","parser_version":"cm-2026.07.1","metric":null}$fixture$::jsonb, '2026-07-21T12:00:00Z');
INSERT INTO read.org_financial_series (id, snapshot_id, organization_id, series_key, series_version, tax_year, fiscal_year_end, value, quality_state, is_amended, source_ref, created_at) VALUES ('00000000-0000-4000-8000-000000000304', '00000000-0000-4000-8000-000000000001', '00000000-0000-4000-8000-000000000107', 'operating_margin', 1, 2024, '2025-06-30', 0.05, 'partial', false, $fixture${"value":0.05,"unit":"USD","period":{"tax_year":2024,"fy_end":"2025-06-30","label":"FY2024 (Jul 2024–Jun 2025)"},"quality_state":"partial","source":{"source_key":"irs_990_xml","form_type":"990","filing_id":"07-0000107-2024-990","source_path":"operating_margin","raw_url":"https://example.test/filings/07-0000107-2024-990.xml","is_amended":false},"retrieved_at":"2026-07-20T12:00:00Z","parser_version":"cm-2026.07.1","metric":{"key":"operating_margin","version":1}}$fixture$::jsonb, '2026-07-21T12:00:00Z');
INSERT INTO read.org_financial_series (id, snapshot_id, organization_id, series_key, series_version, tax_year, fiscal_year_end, value, quality_state, is_amended, source_ref, created_at) VALUES ('00000000-0000-4000-8000-000000000305', '00000000-0000-4000-8000-000000000001', '00000000-0000-4000-8000-000000000102', 'total_revenue', 1, 2024, '2024-10-31', 87000, 'verified', false, $fixture${"value":87000,"unit":"USD","period":{"tax_year":2024,"fy_end":"2024-10-31","label":"FY2024 (Nov 2023–Oct 2024)"},"quality_state":"verified","source":{"source_key":"irs_990_xml","form_type":"990EZ","filing_id":"02-0000102-2024-990EZ","source_path":"/Return/ReturnData/IRS990EZ/TotalRevenueAmt","raw_url":"https://example.test/filings/02-0000102-2024-990EZ.xml","is_amended":false},"retrieved_at":"2026-07-20T12:00:00Z","parser_version":"cm-2026.07.1","metric":null}$fixture$::jsonb, '2026-07-21T12:00:00Z');
INSERT INTO read.org_financial_series (id, snapshot_id, organization_id, series_key, series_version, tax_year, fiscal_year_end, value, quality_state, is_amended, source_ref, created_at) VALUES ('00000000-0000-4000-8000-000000000306', '00000000-0000-4000-8000-000000000001', '00000000-0000-4000-8000-000000000102', 'total_expenses', 1, 2024, '2024-10-31', 81000, 'verified', false, $fixture${"value":81000,"unit":"USD","period":{"tax_year":2024,"fy_end":"2024-10-31","label":"FY2024 (Nov 2023–Oct 2024)"},"quality_state":"verified","source":{"source_key":"irs_990_xml","form_type":"990EZ","filing_id":"02-0000102-2024-990EZ","source_path":"/Return/ReturnData/IRS990EZ/TotalExpensesAmt","raw_url":"https://example.test/filings/02-0000102-2024-990EZ.xml","is_amended":false},"retrieved_at":"2026-07-20T12:00:00Z","parser_version":"cm-2026.07.1","metric":null}$fixture$::jsonb, '2026-07-21T12:00:00Z');
INSERT INTO read.org_financial_series (id, snapshot_id, organization_id, series_key, series_version, tax_year, fiscal_year_end, value, quality_state, is_amended, source_ref, created_at) VALUES ('00000000-0000-4000-8000-000000000307', '00000000-0000-4000-8000-000000000001', '00000000-0000-4000-8000-000000000102', 'total_assets', 1, 2024, '2024-10-31', 210000, 'verified', false, $fixture${"value":210000,"unit":"USD","period":{"tax_year":2024,"fy_end":"2024-10-31","label":"FY2024 (Nov 2023–Oct 2024)"},"quality_state":"verified","source":{"source_key":"irs_990_xml","form_type":"990EZ","filing_id":"02-0000102-2024-990EZ","source_path":"/Return/ReturnData/IRS990EZ/TotalAssetsEOYAmt","raw_url":"https://example.test/filings/02-0000102-2024-990EZ.xml","is_amended":false},"retrieved_at":"2026-07-20T12:00:00Z","parser_version":"cm-2026.07.1","metric":null}$fixture$::jsonb, '2026-07-21T12:00:00Z');
INSERT INTO read.org_financial_series (id, snapshot_id, organization_id, series_key, series_version, tax_year, fiscal_year_end, value, quality_state, is_amended, source_ref, created_at) VALUES ('00000000-0000-4000-8000-000000000308', '00000000-0000-4000-8000-000000000001', '00000000-0000-4000-8000-000000000112', 'total_revenue', 1, 2020, '2020-12-31', 260000, 'verified', false, $fixture${"value":260000,"unit":"USD","period":{"tax_year":2020,"fy_end":"2020-12-31","label":"FY2020 (Jan 2020–Dec 2020)"},"quality_state":"verified","source":{"source_key":"irs_990_xml","form_type":"990","filing_id":"05-fixture-cobalt-reach-club-2020","source_path":"/Return/ReturnData/IRS990/CYTotalRevenueAmt","raw_url":"https://example.test/filings/05-0000112-2024-990.xml","is_amended":false},"retrieved_at":"2026-07-20T12:00:00Z","parser_version":"cm-2026.07.1","metric":null}$fixture$::jsonb, '2026-07-21T12:00:00Z');
INSERT INTO read.org_financial_series (id, snapshot_id, organization_id, series_key, series_version, tax_year, fiscal_year_end, value, quality_state, is_amended, source_ref, created_at) VALUES ('00000000-0000-4000-8000-000000000309', '00000000-0000-4000-8000-000000000001', '00000000-0000-4000-8000-000000000112', 'total_expenses', 1, 2020, '2020-12-31', 248000, 'verified', false, $fixture${"value":248000,"unit":"USD","period":{"tax_year":2020,"fy_end":"2020-12-31","label":"FY2020 (Jan 2020–Dec 2020)"},"quality_state":"verified","source":{"source_key":"irs_990_xml","form_type":"990","filing_id":"05-fixture-cobalt-reach-club-2020","source_path":"/Return/ReturnData/IRS990/TotalExpensesAmt","raw_url":"https://example.test/filings/05-0000112-2024-990.xml","is_amended":false},"retrieved_at":"2026-07-20T12:00:00Z","parser_version":"cm-2026.07.1","metric":null}$fixture$::jsonb, '2026-07-21T12:00:00Z');
INSERT INTO read.org_financial_series (id, snapshot_id, organization_id, series_key, series_version, tax_year, fiscal_year_end, value, quality_state, is_amended, source_ref, created_at) VALUES ('00000000-0000-4000-8000-000000000310', '00000000-0000-4000-8000-000000000001', '00000000-0000-4000-8000-000000000112', 'total_revenue', 1, 2021, '2021-12-31', 285000, 'verified', false, $fixture${"value":285000,"unit":"USD","period":{"tax_year":2021,"fy_end":"2021-12-31","label":"FY2021 (Jan 2021–Dec 2021)"},"quality_state":"verified","source":{"source_key":"irs_990_xml","form_type":"990","filing_id":"05-fixture-cobalt-reach-club-2021","source_path":"/Return/ReturnData/IRS990/CYTotalRevenueAmt","raw_url":"https://example.test/filings/05-0000112-2024-990.xml","is_amended":false},"retrieved_at":"2026-07-20T12:00:00Z","parser_version":"cm-2026.07.1","metric":null}$fixture$::jsonb, '2026-07-21T12:00:00Z');
INSERT INTO read.org_financial_series (id, snapshot_id, organization_id, series_key, series_version, tax_year, fiscal_year_end, value, quality_state, is_amended, source_ref, created_at) VALUES ('00000000-0000-4000-8000-000000000311', '00000000-0000-4000-8000-000000000001', '00000000-0000-4000-8000-000000000112', 'total_expenses', 1, 2021, '2021-12-31', 270000, 'verified', false, $fixture${"value":270000,"unit":"USD","period":{"tax_year":2021,"fy_end":"2021-12-31","label":"FY2021 (Jan 2021–Dec 2021)"},"quality_state":"verified","source":{"source_key":"irs_990_xml","form_type":"990","filing_id":"05-fixture-cobalt-reach-club-2021","source_path":"/Return/ReturnData/IRS990/TotalExpensesAmt","raw_url":"https://example.test/filings/05-0000112-2024-990.xml","is_amended":false},"retrieved_at":"2026-07-20T12:00:00Z","parser_version":"cm-2026.07.1","metric":null}$fixture$::jsonb, '2026-07-21T12:00:00Z');
INSERT INTO read.org_financial_series (id, snapshot_id, organization_id, series_key, series_version, tax_year, fiscal_year_end, value, quality_state, is_amended, source_ref, created_at) VALUES ('00000000-0000-4000-8000-000000000312', '00000000-0000-4000-8000-000000000001', '00000000-0000-4000-8000-000000000112', 'total_revenue', 1, 2022, '2022-12-31', 0, 'verified', false, $fixture${"value":0,"unit":"USD","period":{"tax_year":2022,"fy_end":"2022-12-31","label":"FY2022 (Jan 2022–Dec 2022)"},"quality_state":"verified","source":{"source_key":"irs_990_xml","form_type":"990","filing_id":"05-fixture-cobalt-reach-club-2022","source_path":"/Return/ReturnData/IRS990/CYTotalRevenueAmt","raw_url":"https://example.test/filings/05-0000112-2024-990.xml","is_amended":false},"retrieved_at":"2026-07-20T12:00:00Z","parser_version":"cm-2026.07.1","metric":null}$fixture$::jsonb, '2026-07-21T12:00:00Z');
INSERT INTO read.org_financial_series (id, snapshot_id, organization_id, series_key, series_version, tax_year, fiscal_year_end, value, quality_state, is_amended, source_ref, created_at) VALUES ('00000000-0000-4000-8000-000000000313', '00000000-0000-4000-8000-000000000001', '00000000-0000-4000-8000-000000000112', 'total_expenses', 1, 2022, '2022-12-31', 0, 'verified', false, $fixture${"value":0,"unit":"USD","period":{"tax_year":2022,"fy_end":"2022-12-31","label":"FY2022 (Jan 2022–Dec 2022)"},"quality_state":"verified","source":{"source_key":"irs_990_xml","form_type":"990","filing_id":"05-fixture-cobalt-reach-club-2022","source_path":"/Return/ReturnData/IRS990/TotalExpensesAmt","raw_url":"https://example.test/filings/05-0000112-2024-990.xml","is_amended":false},"retrieved_at":"2026-07-20T12:00:00Z","parser_version":"cm-2026.07.1","metric":null}$fixture$::jsonb, '2026-07-21T12:00:00Z');
INSERT INTO read.org_financial_series (id, snapshot_id, organization_id, series_key, series_version, tax_year, fiscal_year_end, value, quality_state, is_amended, source_ref, created_at) VALUES ('00000000-0000-4000-8000-000000000314', '00000000-0000-4000-8000-000000000001', '00000000-0000-4000-8000-000000000112', 'total_revenue', 1, 2023, '2023-12-31', 315000, 'verified', false, $fixture${"value":315000,"unit":"USD","period":{"tax_year":2023,"fy_end":"2023-12-31","label":"FY2023 (Jan 2023–Dec 2023)"},"quality_state":"verified","source":{"source_key":"irs_990_xml","form_type":"990","filing_id":"05-fixture-cobalt-reach-club-2023","source_path":"/Return/ReturnData/IRS990/CYTotalRevenueAmt","raw_url":"https://example.test/filings/05-0000112-2024-990.xml","is_amended":false},"retrieved_at":"2026-07-20T12:00:00Z","parser_version":"cm-2026.07.1","metric":null}$fixture$::jsonb, '2026-07-21T12:00:00Z');
INSERT INTO read.org_financial_series (id, snapshot_id, organization_id, series_key, series_version, tax_year, fiscal_year_end, value, quality_state, is_amended, source_ref, created_at) VALUES ('00000000-0000-4000-8000-000000000315', '00000000-0000-4000-8000-000000000001', '00000000-0000-4000-8000-000000000112', 'total_expenses', 1, 2023, '2023-12-31', 300000, 'verified', false, $fixture${"value":300000,"unit":"USD","period":{"tax_year":2023,"fy_end":"2023-12-31","label":"FY2023 (Jan 2023–Dec 2023)"},"quality_state":"verified","source":{"source_key":"irs_990_xml","form_type":"990","filing_id":"05-fixture-cobalt-reach-club-2023","source_path":"/Return/ReturnData/IRS990/TotalExpensesAmt","raw_url":"https://example.test/filings/05-0000112-2024-990.xml","is_amended":false},"retrieved_at":"2026-07-20T12:00:00Z","parser_version":"cm-2026.07.1","metric":null}$fixture$::jsonb, '2026-07-21T12:00:00Z');
INSERT INTO read.org_financial_series (id, snapshot_id, organization_id, series_key, series_version, tax_year, fiscal_year_end, value, quality_state, is_amended, source_ref, created_at) VALUES ('00000000-0000-4000-8000-000000000316', '00000000-0000-4000-8000-000000000001', '00000000-0000-4000-8000-000000000112', 'total_revenue', 1, 2024, '2024-12-31', 340000, 'verified', false, $fixture${"value":340000,"unit":"USD","period":{"tax_year":2024,"fy_end":"2024-12-31","label":"FY2024 (Jan 2024–Dec 2024)"},"quality_state":"verified","source":{"source_key":"irs_990_xml","form_type":"990","filing_id":"05-fixture-cobalt-reach-club-2024","source_path":"/Return/ReturnData/IRS990/CYTotalRevenueAmt","raw_url":"https://example.test/filings/05-0000112-2024-990.xml","is_amended":false},"retrieved_at":"2026-07-20T12:00:00Z","parser_version":"cm-2026.07.1","metric":null}$fixture$::jsonb, '2026-07-21T12:00:00Z');
INSERT INTO read.org_financial_series (id, snapshot_id, organization_id, series_key, series_version, tax_year, fiscal_year_end, value, quality_state, is_amended, source_ref, created_at) VALUES ('00000000-0000-4000-8000-000000000317', '00000000-0000-4000-8000-000000000001', '00000000-0000-4000-8000-000000000112', 'total_expenses', 1, 2024, '2024-12-31', 322000, 'verified', false, $fixture${"value":322000,"unit":"USD","period":{"tax_year":2024,"fy_end":"2024-12-31","label":"FY2024 (Jan 2024–Dec 2024)"},"quality_state":"verified","source":{"source_key":"irs_990_xml","form_type":"990","filing_id":"05-fixture-cobalt-reach-club-2024","source_path":"/Return/ReturnData/IRS990/TotalExpensesAmt","raw_url":"https://example.test/filings/05-0000112-2024-990.xml","is_amended":false},"retrieved_at":"2026-07-20T12:00:00Z","parser_version":"cm-2026.07.1","metric":null}$fixture$::jsonb, '2026-07-21T12:00:00Z');
INSERT INTO read.org_financial_series (id, snapshot_id, organization_id, series_key, series_version, tax_year, fiscal_year_end, value, quality_state, is_amended, source_ref, created_at) VALUES ('00000000-0000-4000-8000-000000000318', '00000000-0000-4000-8000-000000000001', '00000000-0000-4000-8000-000000000112', 'zero_revenue_year_2022', 1, 2022, '2022-12-31', 0, 'verified', false, $fixture${"value":0,"unit":"USD","period":{"tax_year":2022,"fy_end":"2022-12-31","label":"FY2022 (Jan 2022–Dec 2022)"},"quality_state":"verified","source":{"source_key":"irs_990_xml","form_type":"990","filing_id":"05-0000112-2022-990","source_path":"/Return/ReturnData/IRS990/CYTotalRevenueAmt","raw_url":"https://example.test/filings/05-0000112-2022-990.xml","is_amended":false},"retrieved_at":"2026-07-20T12:00:00Z","parser_version":"cm-2026.07.1","metric":null}$fixture$::jsonb, '2026-07-21T12:00:00Z');
INSERT INTO read.org_financial_series (id, snapshot_id, organization_id, series_key, series_version, tax_year, fiscal_year_end, value, quality_state, is_amended, source_ref, created_at) VALUES ('00000000-0000-4000-8000-000000000319', '00000000-0000-4000-8000-000000000001', '00000000-0000-4000-8000-000000000104', 'total_revenue', 1, 2020, '2021-06-30', 180000, 'verified', false, $fixture${"value":180000,"unit":"USD","period":{"tax_year":2020,"fy_end":"2021-06-30","label":"FY2020 (Jul 2020–Jun 2021)"},"quality_state":"verified","source":{"source_key":"irs_990_xml","form_type":"990","filing_id":"04-fixture-harborview-scholastic-oars-2020","source_path":"/Return/ReturnData/IRS990/CYTotalRevenueAmt","raw_url":"https://example.test/filings/04-0000104-2024-990.xml","is_amended":false},"retrieved_at":"2026-07-20T12:00:00Z","parser_version":"cm-2026.07.1","metric":null}$fixture$::jsonb, '2026-07-21T12:00:00Z');
INSERT INTO read.org_financial_series (id, snapshot_id, organization_id, series_key, series_version, tax_year, fiscal_year_end, value, quality_state, is_amended, source_ref, created_at) VALUES ('00000000-0000-4000-8000-000000000320', '00000000-0000-4000-8000-000000000001', '00000000-0000-4000-8000-000000000104', 'total_expenses', 1, 2020, '2021-06-30', 175000, 'verified', false, $fixture${"value":175000,"unit":"USD","period":{"tax_year":2020,"fy_end":"2021-06-30","label":"FY2020 (Jul 2020–Jun 2021)"},"quality_state":"verified","source":{"source_key":"irs_990_xml","form_type":"990","filing_id":"04-fixture-harborview-scholastic-oars-2020","source_path":"/Return/ReturnData/IRS990/TotalExpensesAmt","raw_url":"https://example.test/filings/04-0000104-2024-990.xml","is_amended":false},"retrieved_at":"2026-07-20T12:00:00Z","parser_version":"cm-2026.07.1","metric":null}$fixture$::jsonb, '2026-07-21T12:00:00Z');
INSERT INTO read.org_financial_series (id, snapshot_id, organization_id, series_key, series_version, tax_year, fiscal_year_end, value, quality_state, is_amended, source_ref, created_at) VALUES ('00000000-0000-4000-8000-000000000321', '00000000-0000-4000-8000-000000000001', '00000000-0000-4000-8000-000000000104', 'total_revenue', 1, 2021, '2022-06-30', NULL, 'unavailable', false, $fixture${"value":null,"unit":"USD","period":{"tax_year":2021,"fy_end":"2022-06-30","label":"FY2021 (Jul 2021–Jun 2022)"},"quality_state":"unavailable","source":{"source_key":"irs_990_xml","form_type":"990","filing_id":"04-fixture-harborview-scholastic-oars-2021","source_path":"coverage_missing","raw_url":null,"is_amended":false},"retrieved_at":"2026-07-20T12:00:00Z","parser_version":"cm-2026.07.1","metric":null}$fixture$::jsonb, '2026-07-21T12:00:00Z');
INSERT INTO read.org_financial_series (id, snapshot_id, organization_id, series_key, series_version, tax_year, fiscal_year_end, value, quality_state, is_amended, source_ref, created_at) VALUES ('00000000-0000-4000-8000-000000000322', '00000000-0000-4000-8000-000000000001', '00000000-0000-4000-8000-000000000104', 'total_expenses', 1, 2021, '2022-06-30', NULL, 'unavailable', false, $fixture${"value":null,"unit":"USD","period":{"tax_year":2021,"fy_end":"2022-06-30","label":"FY2021 (Jul 2021–Jun 2022)"},"quality_state":"unavailable","source":{"source_key":"irs_990_xml","form_type":"990","filing_id":"04-fixture-harborview-scholastic-oars-2021","source_path":"coverage_missing","raw_url":null,"is_amended":false},"retrieved_at":"2026-07-20T12:00:00Z","parser_version":"cm-2026.07.1","metric":null}$fixture$::jsonb, '2026-07-21T12:00:00Z');
INSERT INTO read.org_financial_series (id, snapshot_id, organization_id, series_key, series_version, tax_year, fiscal_year_end, value, quality_state, is_amended, source_ref, created_at) VALUES ('00000000-0000-4000-8000-000000000323', '00000000-0000-4000-8000-000000000001', '00000000-0000-4000-8000-000000000104', 'total_revenue', 1, 2022, '2023-06-30', 240000, 'verified', false, $fixture${"value":240000,"unit":"USD","period":{"tax_year":2022,"fy_end":"2023-06-30","label":"FY2022 (Jul 2022–Jun 2023)"},"quality_state":"verified","source":{"source_key":"irs_990_xml","form_type":"990","filing_id":"04-fixture-harborview-scholastic-oars-2022","source_path":"/Return/ReturnData/IRS990/CYTotalRevenueAmt","raw_url":"https://example.test/filings/04-0000104-2024-990.xml","is_amended":false},"retrieved_at":"2026-07-20T12:00:00Z","parser_version":"cm-2026.07.1","metric":null}$fixture$::jsonb, '2026-07-21T12:00:00Z');
INSERT INTO read.org_financial_series (id, snapshot_id, organization_id, series_key, series_version, tax_year, fiscal_year_end, value, quality_state, is_amended, source_ref, created_at) VALUES ('00000000-0000-4000-8000-000000000324', '00000000-0000-4000-8000-000000000001', '00000000-0000-4000-8000-000000000104', 'total_expenses', 1, 2022, '2023-06-30', 230000, 'verified', false, $fixture${"value":230000,"unit":"USD","period":{"tax_year":2022,"fy_end":"2023-06-30","label":"FY2022 (Jul 2022–Jun 2023)"},"quality_state":"verified","source":{"source_key":"irs_990_xml","form_type":"990","filing_id":"04-fixture-harborview-scholastic-oars-2022","source_path":"/Return/ReturnData/IRS990/TotalExpensesAmt","raw_url":"https://example.test/filings/04-0000104-2024-990.xml","is_amended":false},"retrieved_at":"2026-07-20T12:00:00Z","parser_version":"cm-2026.07.1","metric":null}$fixture$::jsonb, '2026-07-21T12:00:00Z');
INSERT INTO read.org_financial_series (id, snapshot_id, organization_id, series_key, series_version, tax_year, fiscal_year_end, value, quality_state, is_amended, source_ref, created_at) VALUES ('00000000-0000-4000-8000-000000000325', '00000000-0000-4000-8000-000000000001', '00000000-0000-4000-8000-000000000104', 'total_revenue', 1, 2023, '2024-06-30', 280000, 'verified', false, $fixture${"value":280000,"unit":"USD","period":{"tax_year":2023,"fy_end":"2024-06-30","label":"FY2023 (Jul 2023–Jun 2024)"},"quality_state":"verified","source":{"source_key":"irs_990_xml","form_type":"990","filing_id":"04-fixture-harborview-scholastic-oars-2023","source_path":"/Return/ReturnData/IRS990/CYTotalRevenueAmt","raw_url":"https://example.test/filings/04-0000104-2024-990.xml","is_amended":false},"retrieved_at":"2026-07-20T12:00:00Z","parser_version":"cm-2026.07.1","metric":null}$fixture$::jsonb, '2026-07-21T12:00:00Z');
INSERT INTO read.org_financial_series (id, snapshot_id, organization_id, series_key, series_version, tax_year, fiscal_year_end, value, quality_state, is_amended, source_ref, created_at) VALUES ('00000000-0000-4000-8000-000000000326', '00000000-0000-4000-8000-000000000001', '00000000-0000-4000-8000-000000000104', 'total_expenses', 1, 2023, '2024-06-30', 260000, 'verified', false, $fixture${"value":260000,"unit":"USD","period":{"tax_year":2023,"fy_end":"2024-06-30","label":"FY2023 (Jul 2023–Jun 2024)"},"quality_state":"verified","source":{"source_key":"irs_990_xml","form_type":"990","filing_id":"04-fixture-harborview-scholastic-oars-2023","source_path":"/Return/ReturnData/IRS990/TotalExpensesAmt","raw_url":"https://example.test/filings/04-0000104-2024-990.xml","is_amended":false},"retrieved_at":"2026-07-20T12:00:00Z","parser_version":"cm-2026.07.1","metric":null}$fixture$::jsonb, '2026-07-21T12:00:00Z');
INSERT INTO read.org_financial_series (id, snapshot_id, organization_id, series_key, series_version, tax_year, fiscal_year_end, value, quality_state, is_amended, source_ref, created_at) VALUES ('00000000-0000-4000-8000-000000000327', '00000000-0000-4000-8000-000000000001', '00000000-0000-4000-8000-000000000104', 'total_revenue', 1, 2024, '2025-06-30', 310000, 'verified', false, $fixture${"value":310000,"unit":"USD","period":{"tax_year":2024,"fy_end":"2025-06-30","label":"FY2024 (Jul 2024–Jun 2025)"},"quality_state":"verified","source":{"source_key":"irs_990_xml","form_type":"990","filing_id":"04-fixture-harborview-scholastic-oars-2024","source_path":"/Return/ReturnData/IRS990/CYTotalRevenueAmt","raw_url":"https://example.test/filings/04-0000104-2024-990.xml","is_amended":false},"retrieved_at":"2026-07-20T12:00:00Z","parser_version":"cm-2026.07.1","metric":null}$fixture$::jsonb, '2026-07-21T12:00:00Z');
INSERT INTO read.org_financial_series (id, snapshot_id, organization_id, series_key, series_version, tax_year, fiscal_year_end, value, quality_state, is_amended, source_ref, created_at) VALUES ('00000000-0000-4000-8000-000000000328', '00000000-0000-4000-8000-000000000001', '00000000-0000-4000-8000-000000000104', 'total_expenses', 1, 2024, '2025-06-30', 295000, 'verified', false, $fixture${"value":295000,"unit":"USD","period":{"tax_year":2024,"fy_end":"2025-06-30","label":"FY2024 (Jul 2024–Jun 2025)"},"quality_state":"verified","source":{"source_key":"irs_990_xml","form_type":"990","filing_id":"04-fixture-harborview-scholastic-oars-2024","source_path":"/Return/ReturnData/IRS990/TotalExpensesAmt","raw_url":"https://example.test/filings/04-0000104-2024-990.xml","is_amended":false},"retrieved_at":"2026-07-20T12:00:00Z","parser_version":"cm-2026.07.1","metric":null}$fixture$::jsonb, '2026-07-21T12:00:00Z');
INSERT INTO read.org_financial_series (id, snapshot_id, organization_id, series_key, series_version, tax_year, fiscal_year_end, value, quality_state, is_amended, source_ref, created_at) VALUES ('00000000-0000-4000-8000-000000000329', '00000000-0000-4000-8000-000000000001', '00000000-0000-4000-8000-000000000104', 'program_service_revenue', 1, 2024, '2025-06-30', 260000, 'verified', false, $fixture${"value":260000,"unit":"USD","period":{"tax_year":2024,"fy_end":"2025-06-30","label":"FY2024 (Jul 2024–Jun 2025)"},"quality_state":"verified","source":{"source_key":"irs_990_xml","form_type":"990","filing_id":"04-0000104-2024-990","source_path":"/Return/ReturnData/IRS990/ProgramServiceRevenueAmt","raw_url":"https://example.test/filings/04-0000104-2024-990.xml","is_amended":false},"retrieved_at":"2026-07-20T12:00:00Z","parser_version":"cm-2026.07.1","metric":null}$fixture$::jsonb, '2026-07-21T12:00:00Z');
INSERT INTO read.org_financial_series (id, snapshot_id, organization_id, series_key, series_version, tax_year, fiscal_year_end, value, quality_state, is_amended, source_ref, created_at) VALUES ('00000000-0000-4000-8000-000000000330', '00000000-0000-4000-8000-000000000001', '00000000-0000-4000-8000-000000000108', 'total_revenue', 1, 2024, '2024-12-31', 46000, 'verified', false, $fixture${"value":46000,"unit":"USD","period":{"tax_year":2024,"fy_end":"2024-12-31","label":"FY2024 (Jan 2024–Dec 2024)"},"quality_state":"verified","source":{"source_key":"irs_990_xml","form_type":"990","filing_id":"01-0000108-2024-990","source_path":"/Return/ReturnData/IRS990/CYTotalRevenueAmt","raw_url":"https://example.test/filings/01-0000108-2024-990.xml","is_amended":false},"retrieved_at":"2026-07-20T12:00:00Z","parser_version":"cm-2026.07.1","metric":null}$fixture$::jsonb, '2026-07-21T12:00:00Z');
INSERT INTO read.org_financial_series (id, snapshot_id, organization_id, series_key, series_version, tax_year, fiscal_year_end, value, quality_state, is_amended, source_ref, created_at) VALUES ('00000000-0000-4000-8000-000000000331', '00000000-0000-4000-8000-000000000001', '00000000-0000-4000-8000-000000000108', 'total_expenses', 1, 2024, '2024-12-31', 43000, 'verified', false, $fixture${"value":43000,"unit":"USD","period":{"tax_year":2024,"fy_end":"2024-12-31","label":"FY2024 (Jan 2024–Dec 2024)"},"quality_state":"verified","source":{"source_key":"irs_990_xml","form_type":"990","filing_id":"01-0000108-2024-990","source_path":"/Return/ReturnData/IRS990/TotalExpensesAmt","raw_url":"https://example.test/filings/01-0000108-2024-990.xml","is_amended":false},"retrieved_at":"2026-07-20T12:00:00Z","parser_version":"cm-2026.07.1","metric":null}$fixture$::jsonb, '2026-07-21T12:00:00Z');
INSERT INTO read.org_financial_series (id, snapshot_id, organization_id, series_key, series_version, tax_year, fiscal_year_end, value, quality_state, is_amended, source_ref, created_at) VALUES ('00000000-0000-4000-8000-000000000332', '00000000-0000-4000-8000-000000000001', '00000000-0000-4000-8000-000000000101', 'total_revenue', 1, 2020, '2021-06-30', 520000, 'verified', false, $fixture${"value":520000,"unit":"USD","period":{"tax_year":2020,"fy_end":"2021-06-30","label":"FY2020 (Jul 2020–Jun 2021)"},"quality_state":"verified","source":{"source_key":"irs_990_xml","form_type":"990","filing_id":"01-fixture-millbrook-community-rowing-2020","source_path":"/Return/ReturnData/IRS990/CYTotalRevenueAmt","raw_url":"https://example.test/filings/01-0000101-2024-990.xml","is_amended":false},"retrieved_at":"2026-07-20T12:00:00Z","parser_version":"cm-2026.07.1","metric":null}$fixture$::jsonb, '2026-07-21T12:00:00Z');
INSERT INTO read.org_financial_series (id, snapshot_id, organization_id, series_key, series_version, tax_year, fiscal_year_end, value, quality_state, is_amended, source_ref, created_at) VALUES ('00000000-0000-4000-8000-000000000333', '00000000-0000-4000-8000-000000000001', '00000000-0000-4000-8000-000000000101', 'total_expenses', 1, 2020, '2021-06-30', 500000, 'verified', false, $fixture${"value":500000,"unit":"USD","period":{"tax_year":2020,"fy_end":"2021-06-30","label":"FY2020 (Jul 2020–Jun 2021)"},"quality_state":"verified","source":{"source_key":"irs_990_xml","form_type":"990","filing_id":"01-fixture-millbrook-community-rowing-2020","source_path":"/Return/ReturnData/IRS990/TotalExpensesAmt","raw_url":"https://example.test/filings/01-0000101-2024-990.xml","is_amended":false},"retrieved_at":"2026-07-20T12:00:00Z","parser_version":"cm-2026.07.1","metric":null}$fixture$::jsonb, '2026-07-21T12:00:00Z');
INSERT INTO read.org_financial_series (id, snapshot_id, organization_id, series_key, series_version, tax_year, fiscal_year_end, value, quality_state, is_amended, source_ref, created_at) VALUES ('00000000-0000-4000-8000-000000000334', '00000000-0000-4000-8000-000000000001', '00000000-0000-4000-8000-000000000101', 'total_revenue', 1, 2021, '2022-06-30', 560000, 'verified', false, $fixture${"value":560000,"unit":"USD","period":{"tax_year":2021,"fy_end":"2022-06-30","label":"FY2021 (Jul 2021–Jun 2022)"},"quality_state":"verified","source":{"source_key":"irs_990_xml","form_type":"990","filing_id":"01-fixture-millbrook-community-rowing-2021","source_path":"/Return/ReturnData/IRS990/CYTotalRevenueAmt","raw_url":"https://example.test/filings/01-0000101-2024-990.xml","is_amended":false},"retrieved_at":"2026-07-20T12:00:00Z","parser_version":"cm-2026.07.1","metric":null}$fixture$::jsonb, '2026-07-21T12:00:00Z');
INSERT INTO read.org_financial_series (id, snapshot_id, organization_id, series_key, series_version, tax_year, fiscal_year_end, value, quality_state, is_amended, source_ref, created_at) VALUES ('00000000-0000-4000-8000-000000000335', '00000000-0000-4000-8000-000000000001', '00000000-0000-4000-8000-000000000101', 'total_expenses', 1, 2021, '2022-06-30', 525000, 'verified', false, $fixture${"value":525000,"unit":"USD","period":{"tax_year":2021,"fy_end":"2022-06-30","label":"FY2021 (Jul 2021–Jun 2022)"},"quality_state":"verified","source":{"source_key":"irs_990_xml","form_type":"990","filing_id":"01-fixture-millbrook-community-rowing-2021","source_path":"/Return/ReturnData/IRS990/TotalExpensesAmt","raw_url":"https://example.test/filings/01-0000101-2024-990.xml","is_amended":false},"retrieved_at":"2026-07-20T12:00:00Z","parser_version":"cm-2026.07.1","metric":null}$fixture$::jsonb, '2026-07-21T12:00:00Z');
INSERT INTO read.org_financial_series (id, snapshot_id, organization_id, series_key, series_version, tax_year, fiscal_year_end, value, quality_state, is_amended, source_ref, created_at) VALUES ('00000000-0000-4000-8000-000000000336', '00000000-0000-4000-8000-000000000001', '00000000-0000-4000-8000-000000000101', 'total_revenue', 1, 2022, '2023-06-30', 590000, 'verified', false, $fixture${"value":590000,"unit":"USD","period":{"tax_year":2022,"fy_end":"2023-06-30","label":"FY2022 (Jul 2022–Jun 2023)"},"quality_state":"verified","source":{"source_key":"irs_990_xml","form_type":"990","filing_id":"01-fixture-millbrook-community-rowing-2022","source_path":"/Return/ReturnData/IRS990/CYTotalRevenueAmt","raw_url":"https://example.test/filings/01-0000101-2024-990.xml","is_amended":false},"retrieved_at":"2026-07-20T12:00:00Z","parser_version":"cm-2026.07.1","metric":null}$fixture$::jsonb, '2026-07-21T12:00:00Z');
INSERT INTO read.org_financial_series (id, snapshot_id, organization_id, series_key, series_version, tax_year, fiscal_year_end, value, quality_state, is_amended, source_ref, created_at) VALUES ('00000000-0000-4000-8000-000000000337', '00000000-0000-4000-8000-000000000001', '00000000-0000-4000-8000-000000000101', 'total_expenses', 1, 2022, '2023-06-30', 545000, 'verified', false, $fixture${"value":545000,"unit":"USD","period":{"tax_year":2022,"fy_end":"2023-06-30","label":"FY2022 (Jul 2022–Jun 2023)"},"quality_state":"verified","source":{"source_key":"irs_990_xml","form_type":"990","filing_id":"01-fixture-millbrook-community-rowing-2022","source_path":"/Return/ReturnData/IRS990/TotalExpensesAmt","raw_url":"https://example.test/filings/01-0000101-2024-990.xml","is_amended":false},"retrieved_at":"2026-07-20T12:00:00Z","parser_version":"cm-2026.07.1","metric":null}$fixture$::jsonb, '2026-07-21T12:00:00Z');
INSERT INTO read.org_financial_series (id, snapshot_id, organization_id, series_key, series_version, tax_year, fiscal_year_end, value, quality_state, is_amended, source_ref, created_at) VALUES ('00000000-0000-4000-8000-000000000338', '00000000-0000-4000-8000-000000000001', '00000000-0000-4000-8000-000000000101', 'total_revenue', 1, 2023, '2024-06-30', 615000, 'verified', false, $fixture${"value":615000,"unit":"USD","period":{"tax_year":2023,"fy_end":"2024-06-30","label":"FY2023 (Jul 2023–Jun 2024)"},"quality_state":"verified","source":{"source_key":"irs_990_xml","form_type":"990","filing_id":"01-fixture-millbrook-community-rowing-2023","source_path":"/Return/ReturnData/IRS990/CYTotalRevenueAmt","raw_url":"https://example.test/filings/01-0000101-2024-990.xml","is_amended":false},"retrieved_at":"2026-07-20T12:00:00Z","parser_version":"cm-2026.07.1","metric":null}$fixture$::jsonb, '2026-07-21T12:00:00Z');
INSERT INTO read.org_financial_series (id, snapshot_id, organization_id, series_key, series_version, tax_year, fiscal_year_end, value, quality_state, is_amended, source_ref, created_at) VALUES ('00000000-0000-4000-8000-000000000339', '00000000-0000-4000-8000-000000000001', '00000000-0000-4000-8000-000000000101', 'total_expenses', 1, 2023, '2024-06-30', 570000, 'verified', false, $fixture${"value":570000,"unit":"USD","period":{"tax_year":2023,"fy_end":"2024-06-30","label":"FY2023 (Jul 2023–Jun 2024)"},"quality_state":"verified","source":{"source_key":"irs_990_xml","form_type":"990","filing_id":"01-fixture-millbrook-community-rowing-2023","source_path":"/Return/ReturnData/IRS990/TotalExpensesAmt","raw_url":"https://example.test/filings/01-0000101-2024-990.xml","is_amended":false},"retrieved_at":"2026-07-20T12:00:00Z","parser_version":"cm-2026.07.1","metric":null}$fixture$::jsonb, '2026-07-21T12:00:00Z');
INSERT INTO read.org_financial_series (id, snapshot_id, organization_id, series_key, series_version, tax_year, fiscal_year_end, value, quality_state, is_amended, source_ref, created_at) VALUES ('00000000-0000-4000-8000-000000000340', '00000000-0000-4000-8000-000000000001', '00000000-0000-4000-8000-000000000101', 'total_revenue', 1, 2024, '2025-06-30', 640000, 'verified', false, $fixture${"value":640000,"unit":"USD","period":{"tax_year":2024,"fy_end":"2025-06-30","label":"FY2024 (Jul 2024–Jun 2025)"},"quality_state":"verified","source":{"source_key":"irs_990_xml","form_type":"990","filing_id":"01-fixture-millbrook-community-rowing-2024","source_path":"/Return/ReturnData/IRS990/CYTotalRevenueAmt","raw_url":"https://example.test/filings/01-0000101-2024-990.xml","is_amended":false},"retrieved_at":"2026-07-20T12:00:00Z","parser_version":"cm-2026.07.1","metric":null}$fixture$::jsonb, '2026-07-21T12:00:00Z');
INSERT INTO read.org_financial_series (id, snapshot_id, organization_id, series_key, series_version, tax_year, fiscal_year_end, value, quality_state, is_amended, source_ref, created_at) VALUES ('00000000-0000-4000-8000-000000000341', '00000000-0000-4000-8000-000000000001', '00000000-0000-4000-8000-000000000101', 'total_expenses', 1, 2024, '2025-06-30', 590000, 'verified', false, $fixture${"value":590000,"unit":"USD","period":{"tax_year":2024,"fy_end":"2025-06-30","label":"FY2024 (Jul 2024–Jun 2025)"},"quality_state":"verified","source":{"source_key":"irs_990_xml","form_type":"990","filing_id":"01-fixture-millbrook-community-rowing-2024","source_path":"/Return/ReturnData/IRS990/TotalExpensesAmt","raw_url":"https://example.test/filings/01-0000101-2024-990.xml","is_amended":false},"retrieved_at":"2026-07-20T12:00:00Z","parser_version":"cm-2026.07.1","metric":null}$fixture$::jsonb, '2026-07-21T12:00:00Z');
INSERT INTO read.org_financial_series (id, snapshot_id, organization_id, series_key, series_version, tax_year, fiscal_year_end, value, quality_state, is_amended, source_ref, created_at) VALUES ('00000000-0000-4000-8000-000000000342', '00000000-0000-4000-8000-000000000001', '00000000-0000-4000-8000-000000000101', 'net_assets', 1, 2024, '2025-06-30', 1400000, 'verified', false, $fixture${"value":1400000,"unit":"USD","period":{"tax_year":2024,"fy_end":"2025-06-30","label":"FY2024 (Jul 2024–Jun 2025)"},"quality_state":"verified","source":{"source_key":"irs_990_xml","form_type":"990","filing_id":"01-0000101-2024-990","source_path":"/Return/ReturnData/IRS990/NetAssetsOrFundBalancesEOYAmt","raw_url":"https://example.test/filings/01-0000101-2024-990.xml","is_amended":false},"retrieved_at":"2026-07-20T12:00:00Z","parser_version":"cm-2026.07.1","metric":null}$fixture$::jsonb, '2026-07-21T12:00:00Z');
INSERT INTO read.org_financial_series (id, snapshot_id, organization_id, series_key, series_version, tax_year, fiscal_year_end, value, quality_state, is_amended, source_ref, created_at) VALUES ('00000000-0000-4000-8000-000000000343', '00000000-0000-4000-8000-000000000001', '00000000-0000-4000-8000-000000000101', 'grant_revenue', 1, 2024, '2025-06-30', 90000, 'verified', false, $fixture${"value":90000,"unit":"USD","period":{"tax_year":2024,"fy_end":"2025-06-30","label":"FY2024 (Jul 2024–Jun 2025)"},"quality_state":"verified","source":{"source_key":"irs_990_xml","form_type":"990","filing_id":"01-0000101-2024-990","source_path":"/Return/ReturnData/IRS990/GrantsAndContributionsAmt","raw_url":"https://example.test/filings/01-0000101-2024-990.xml","is_amended":false},"retrieved_at":"2026-07-20T12:00:00Z","parser_version":"cm-2026.07.1","metric":null}$fixture$::jsonb, '2026-07-21T12:00:00Z');
INSERT INTO read.org_financial_series (id, snapshot_id, organization_id, series_key, series_version, tax_year, fiscal_year_end, value, quality_state, is_amended, source_ref, created_at) VALUES ('00000000-0000-4000-8000-000000000344', '00000000-0000-4000-8000-000000000001', '00000000-0000-4000-8000-000000000106', 'total_revenue', 1, 2024, '2024-12-31', 515000, 'under_review', false, $fixture${"value":515000,"unit":"USD","period":{"tax_year":2024,"fy_end":"2024-12-31","label":"FY2024 (Jan 2024–Dec 2024)"},"quality_state":"under_review","source":{"source_key":"irs_990_xml","form_type":"990","filing_id":"06-0000106-2024-990","source_path":"/Return/ReturnData/IRS990/CYTotalRevenueAmt","raw_url":"https://example.test/filings/06-0000106-2024-990.xml","is_amended":false},"retrieved_at":"2026-07-20T12:00:00Z","parser_version":"cm-2026.07.1","metric":null}$fixture$::jsonb, '2026-07-21T12:00:00Z');
INSERT INTO read.org_financial_series (id, snapshot_id, organization_id, series_key, series_version, tax_year, fiscal_year_end, value, quality_state, is_amended, source_ref, created_at) VALUES ('00000000-0000-4000-8000-000000000345', '00000000-0000-4000-8000-000000000001', '00000000-0000-4000-8000-000000000106', 'total_expenses', 1, 2024, '2024-12-31', 480000, 'verified', false, $fixture${"value":480000,"unit":"USD","period":{"tax_year":2024,"fy_end":"2024-12-31","label":"FY2024 (Jan 2024–Dec 2024)"},"quality_state":"verified","source":{"source_key":"irs_990_xml","form_type":"990","filing_id":"06-0000106-2024-990","source_path":"/Return/ReturnData/IRS990/TotalExpensesAmt","raw_url":"https://example.test/filings/06-0000106-2024-990.xml","is_amended":false},"retrieved_at":"2026-07-20T12:00:00Z","parser_version":"cm-2026.07.1","metric":null}$fixture$::jsonb, '2026-07-21T12:00:00Z');
INSERT INTO read.org_financial_series (id, snapshot_id, organization_id, series_key, series_version, tax_year, fiscal_year_end, value, quality_state, is_amended, source_ref, created_at) VALUES ('00000000-0000-4000-8000-000000000346', '00000000-0000-4000-8000-000000000001', '00000000-0000-4000-8000-000000000106', 'net_assets', 1, 2024, '2024-12-31', 920000, 'verified', false, $fixture${"value":920000,"unit":"USD","period":{"tax_year":2024,"fy_end":"2024-12-31","label":"FY2024 (Jan 2024–Dec 2024)"},"quality_state":"verified","source":{"source_key":"irs_990_xml","form_type":"990","filing_id":"06-0000106-2024-990","source_path":"/Return/ReturnData/IRS990/NetAssetsOrFundBalancesEOYAmt","raw_url":"https://example.test/filings/06-0000106-2024-990.xml","is_amended":false},"retrieved_at":"2026-07-20T12:00:00Z","parser_version":"cm-2026.07.1","metric":null}$fixture$::jsonb, '2026-07-21T12:00:00Z');
INSERT INTO read.org_financial_series (id, snapshot_id, organization_id, series_key, series_version, tax_year, fiscal_year_end, value, quality_state, is_amended, source_ref, created_at) VALUES ('00000000-0000-4000-8000-000000000347', '00000000-0000-4000-8000-000000000001', '00000000-0000-4000-8000-000000000105', 'total_revenue', 1, 2020, '2020-10-31', 330000, 'verified', false, $fixture${"value":330000,"unit":"USD","period":{"tax_year":2020,"fy_end":"2020-10-31","label":"FY2020 (Nov 2020–Oct 2020)"},"quality_state":"verified","source":{"source_key":"irs_990_xml","form_type":"990","filing_id":"05-fixture-pineglass-collegiate-club-2020","source_path":"/Return/ReturnData/IRS990/CYTotalRevenueAmt","raw_url":"https://example.test/filings/05-0000105-2024-990.xml","is_amended":false},"retrieved_at":"2026-07-20T12:00:00Z","parser_version":"cm-2026.07.1","metric":null}$fixture$::jsonb, '2026-07-21T12:00:00Z');
INSERT INTO read.org_financial_series (id, snapshot_id, organization_id, series_key, series_version, tax_year, fiscal_year_end, value, quality_state, is_amended, source_ref, created_at) VALUES ('00000000-0000-4000-8000-000000000348', '00000000-0000-4000-8000-000000000001', '00000000-0000-4000-8000-000000000105', 'total_expenses', 1, 2020, '2020-10-31', 320000, 'verified', false, $fixture${"value":320000,"unit":"USD","period":{"tax_year":2020,"fy_end":"2020-10-31","label":"FY2020 (Nov 2020–Oct 2020)"},"quality_state":"verified","source":{"source_key":"irs_990_xml","form_type":"990","filing_id":"05-fixture-pineglass-collegiate-club-2020","source_path":"/Return/ReturnData/IRS990/TotalExpensesAmt","raw_url":"https://example.test/filings/05-0000105-2024-990.xml","is_amended":false},"retrieved_at":"2026-07-20T12:00:00Z","parser_version":"cm-2026.07.1","metric":null}$fixture$::jsonb, '2026-07-21T12:00:00Z');
INSERT INTO read.org_financial_series (id, snapshot_id, organization_id, series_key, series_version, tax_year, fiscal_year_end, value, quality_state, is_amended, source_ref, created_at) VALUES ('00000000-0000-4000-8000-000000000349', '00000000-0000-4000-8000-000000000001', '00000000-0000-4000-8000-000000000105', 'total_revenue', 1, 2021, '2021-10-31', 365000, 'verified', false, $fixture${"value":365000,"unit":"USD","period":{"tax_year":2021,"fy_end":"2021-10-31","label":"FY2021 (Nov 2021–Oct 2021)"},"quality_state":"verified","source":{"source_key":"irs_990_xml","form_type":"990","filing_id":"05-fixture-pineglass-collegiate-club-2021","source_path":"/Return/ReturnData/IRS990/CYTotalRevenueAmt","raw_url":"https://example.test/filings/05-0000105-2024-990.xml","is_amended":false},"retrieved_at":"2026-07-20T12:00:00Z","parser_version":"cm-2026.07.1","metric":null}$fixture$::jsonb, '2026-07-21T12:00:00Z');
INSERT INTO read.org_financial_series (id, snapshot_id, organization_id, series_key, series_version, tax_year, fiscal_year_end, value, quality_state, is_amended, source_ref, created_at) VALUES ('00000000-0000-4000-8000-000000000350', '00000000-0000-4000-8000-000000000001', '00000000-0000-4000-8000-000000000105', 'total_expenses', 1, 2021, '2021-10-31', 350000, 'verified', false, $fixture${"value":350000,"unit":"USD","period":{"tax_year":2021,"fy_end":"2021-10-31","label":"FY2021 (Nov 2021–Oct 2021)"},"quality_state":"verified","source":{"source_key":"irs_990_xml","form_type":"990","filing_id":"05-fixture-pineglass-collegiate-club-2021","source_path":"/Return/ReturnData/IRS990/TotalExpensesAmt","raw_url":"https://example.test/filings/05-0000105-2024-990.xml","is_amended":false},"retrieved_at":"2026-07-20T12:00:00Z","parser_version":"cm-2026.07.1","metric":null}$fixture$::jsonb, '2026-07-21T12:00:00Z');
INSERT INTO read.org_financial_series (id, snapshot_id, organization_id, series_key, series_version, tax_year, fiscal_year_end, value, quality_state, is_amended, source_ref, created_at) VALUES ('00000000-0000-4000-8000-000000000351', '00000000-0000-4000-8000-000000000001', '00000000-0000-4000-8000-000000000105', 'total_revenue', 1, 2022, '2022-10-31', 395000, 'verified', true, $fixture${"value":395000,"unit":"USD","period":{"tax_year":2022,"fy_end":"2022-10-31","label":"FY2022 (Nov 2022–Oct 2022)"},"quality_state":"verified","source":{"source_key":"irs_990_xml","form_type":"990","filing_id":"05-fixture-pineglass-collegiate-club-2022","source_path":"/Return/ReturnData/IRS990/CYTotalRevenueAmt","raw_url":"https://example.test/filings/05-0000105-2024-990.xml","is_amended":true},"retrieved_at":"2026-07-20T12:00:00Z","parser_version":"cm-2026.07.1","metric":null}$fixture$::jsonb, '2026-07-21T12:00:00Z');
INSERT INTO read.org_financial_series (id, snapshot_id, organization_id, series_key, series_version, tax_year, fiscal_year_end, value, quality_state, is_amended, source_ref, created_at) VALUES ('00000000-0000-4000-8000-000000000352', '00000000-0000-4000-8000-000000000001', '00000000-0000-4000-8000-000000000105', 'total_expenses', 1, 2022, '2022-10-31', 380000, 'verified', true, $fixture${"value":380000,"unit":"USD","period":{"tax_year":2022,"fy_end":"2022-10-31","label":"FY2022 (Nov 2022–Oct 2022)"},"quality_state":"verified","source":{"source_key":"irs_990_xml","form_type":"990","filing_id":"05-fixture-pineglass-collegiate-club-2022","source_path":"/Return/ReturnData/IRS990/TotalExpensesAmt","raw_url":"https://example.test/filings/05-0000105-2024-990.xml","is_amended":true},"retrieved_at":"2026-07-20T12:00:00Z","parser_version":"cm-2026.07.1","metric":null}$fixture$::jsonb, '2026-07-21T12:00:00Z');
INSERT INTO read.org_financial_series (id, snapshot_id, organization_id, series_key, series_version, tax_year, fiscal_year_end, value, quality_state, is_amended, source_ref, created_at) VALUES ('00000000-0000-4000-8000-000000000353', '00000000-0000-4000-8000-000000000001', '00000000-0000-4000-8000-000000000105', 'total_revenue', 1, 2023, '2023-10-31', 425000, 'verified', false, $fixture${"value":425000,"unit":"USD","period":{"tax_year":2023,"fy_end":"2023-10-31","label":"FY2023 (Nov 2023–Oct 2023)"},"quality_state":"verified","source":{"source_key":"irs_990_xml","form_type":"990","filing_id":"05-fixture-pineglass-collegiate-club-2023","source_path":"/Return/ReturnData/IRS990/CYTotalRevenueAmt","raw_url":"https://example.test/filings/05-0000105-2024-990.xml","is_amended":false},"retrieved_at":"2026-07-20T12:00:00Z","parser_version":"cm-2026.07.1","metric":null}$fixture$::jsonb, '2026-07-21T12:00:00Z');
INSERT INTO read.org_financial_series (id, snapshot_id, organization_id, series_key, series_version, tax_year, fiscal_year_end, value, quality_state, is_amended, source_ref, created_at) VALUES ('00000000-0000-4000-8000-000000000354', '00000000-0000-4000-8000-000000000001', '00000000-0000-4000-8000-000000000105', 'total_expenses', 1, 2023, '2023-10-31', 405000, 'verified', false, $fixture${"value":405000,"unit":"USD","period":{"tax_year":2023,"fy_end":"2023-10-31","label":"FY2023 (Nov 2023–Oct 2023)"},"quality_state":"verified","source":{"source_key":"irs_990_xml","form_type":"990","filing_id":"05-fixture-pineglass-collegiate-club-2023","source_path":"/Return/ReturnData/IRS990/TotalExpensesAmt","raw_url":"https://example.test/filings/05-0000105-2024-990.xml","is_amended":false},"retrieved_at":"2026-07-20T12:00:00Z","parser_version":"cm-2026.07.1","metric":null}$fixture$::jsonb, '2026-07-21T12:00:00Z');
INSERT INTO read.org_financial_series (id, snapshot_id, organization_id, series_key, series_version, tax_year, fiscal_year_end, value, quality_state, is_amended, source_ref, created_at) VALUES ('00000000-0000-4000-8000-000000000355', '00000000-0000-4000-8000-000000000001', '00000000-0000-4000-8000-000000000105', 'total_revenue', 1, 2024, '2024-10-31', 455000, 'verified', false, $fixture${"value":455000,"unit":"USD","period":{"tax_year":2024,"fy_end":"2024-10-31","label":"FY2024 (Nov 2024–Oct 2024)"},"quality_state":"verified","source":{"source_key":"irs_990_xml","form_type":"990","filing_id":"05-fixture-pineglass-collegiate-club-2024","source_path":"/Return/ReturnData/IRS990/CYTotalRevenueAmt","raw_url":"https://example.test/filings/05-0000105-2024-990.xml","is_amended":false},"retrieved_at":"2026-07-20T12:00:00Z","parser_version":"cm-2026.07.1","metric":null}$fixture$::jsonb, '2026-07-21T12:00:00Z');
INSERT INTO read.org_financial_series (id, snapshot_id, organization_id, series_key, series_version, tax_year, fiscal_year_end, value, quality_state, is_amended, source_ref, created_at) VALUES ('00000000-0000-4000-8000-000000000356', '00000000-0000-4000-8000-000000000001', '00000000-0000-4000-8000-000000000105', 'total_expenses', 1, 2024, '2024-10-31', 430000, 'verified', false, $fixture${"value":430000,"unit":"USD","period":{"tax_year":2024,"fy_end":"2024-10-31","label":"FY2024 (Nov 2024–Oct 2024)"},"quality_state":"verified","source":{"source_key":"irs_990_xml","form_type":"990","filing_id":"05-fixture-pineglass-collegiate-club-2024","source_path":"/Return/ReturnData/IRS990/TotalExpensesAmt","raw_url":"https://example.test/filings/05-0000105-2024-990.xml","is_amended":false},"retrieved_at":"2026-07-20T12:00:00Z","parser_version":"cm-2026.07.1","metric":null}$fixture$::jsonb, '2026-07-21T12:00:00Z');
INSERT INTO read.org_financial_series (id, snapshot_id, organization_id, series_key, series_version, tax_year, fiscal_year_end, value, quality_state, is_amended, source_ref, created_at) VALUES ('00000000-0000-4000-8000-000000000357', '00000000-0000-4000-8000-000000000001', '00000000-0000-4000-8000-000000000105', 'net_assets', 1, 2024, '2024-10-31', 800000, 'verified', false, $fixture${"value":800000,"unit":"USD","period":{"tax_year":2024,"fy_end":"2024-10-31","label":"FY2024 (Nov 2023–Oct 2024)"},"quality_state":"verified","source":{"source_key":"irs_990_xml","form_type":"990","filing_id":"05-0000105-2024-990","source_path":"/Return/ReturnData/IRS990/NetAssetsOrFundBalancesEOYAmt","raw_url":"https://example.test/filings/05-0000105-2024-990.xml","is_amended":false},"retrieved_at":"2026-07-20T12:00:00Z","parser_version":"cm-2026.07.1","metric":null}$fixture$::jsonb, '2026-07-21T12:00:00Z');
INSERT INTO read.org_financial_series (id, snapshot_id, organization_id, series_key, series_version, tax_year, fiscal_year_end, value, quality_state, is_amended, source_ref, created_at) VALUES ('00000000-0000-4000-8000-000000000358', '00000000-0000-4000-8000-000000000001', '00000000-0000-4000-8000-000000000105', 'amended_total_revenue', 1, 2022, '2022-10-31', 398000, 'verified', true, $fixture${"value":398000,"unit":"USD","period":{"tax_year":2022,"fy_end":"2022-10-31","label":"FY2022 (Nov 2021–Oct 2022)"},"quality_state":"verified","source":{"source_key":"irs_990_xml","form_type":"990","filing_id":"05-0000105-2022-990-amended","source_path":"/Return/ReturnData/IRS990/CYTotalRevenueAmt","raw_url":"https://example.test/filings/05-0000105-2022-990-amended.xml","is_amended":true},"retrieved_at":"2026-07-20T12:00:00Z","parser_version":"cm-2026.07.1","metric":null}$fixture$::jsonb, '2026-07-21T12:00:00Z');
INSERT INTO read.org_financial_series (id, snapshot_id, organization_id, series_key, series_version, tax_year, fiscal_year_end, value, quality_state, is_amended, source_ref, created_at) VALUES ('00000000-0000-4000-8000-000000000359', '00000000-0000-4000-8000-000000000001', '00000000-0000-4000-8000-000000000110', 'total_revenue', 1, 2024, '2025-06-30', 275000, 'verified', false, $fixture${"value":275000,"unit":"USD","period":{"tax_year":2024,"fy_end":"2025-06-30","label":"FY2024 (Jul 2024–Jun 2025)"},"quality_state":"verified","source":{"source_key":"irs_990_xml","form_type":"990","filing_id":"03-0000110-2024-990","source_path":"/Return/ReturnData/IRS990/CYTotalRevenueAmt","raw_url":"https://example.test/filings/03-0000110-2024-990.xml","is_amended":false},"retrieved_at":"2026-07-20T12:00:00Z","parser_version":"cm-2026.07.1","metric":null}$fixture$::jsonb, '2026-07-21T12:00:00Z');
INSERT INTO read.org_financial_series (id, snapshot_id, organization_id, series_key, series_version, tax_year, fiscal_year_end, value, quality_state, is_amended, source_ref, created_at) VALUES ('00000000-0000-4000-8000-000000000360', '00000000-0000-4000-8000-000000000001', '00000000-0000-4000-8000-000000000110', 'total_expenses', 1, 2024, '2025-06-30', 250000, 'verified', false, $fixture${"value":250000,"unit":"USD","period":{"tax_year":2024,"fy_end":"2025-06-30","label":"FY2024 (Jul 2024–Jun 2025)"},"quality_state":"verified","source":{"source_key":"irs_990_xml","form_type":"990","filing_id":"03-0000110-2024-990","source_path":"/Return/ReturnData/IRS990/TotalExpensesAmt","raw_url":"https://example.test/filings/03-0000110-2024-990.xml","is_amended":false},"retrieved_at":"2026-07-20T12:00:00Z","parser_version":"cm-2026.07.1","metric":null}$fixture$::jsonb, '2026-07-21T12:00:00Z');
INSERT INTO read.org_financial_series (id, snapshot_id, organization_id, series_key, series_version, tax_year, fiscal_year_end, value, quality_state, is_amended, source_ref, created_at) VALUES ('00000000-0000-4000-8000-000000000361', '00000000-0000-4000-8000-000000000001', '00000000-0000-4000-8000-000000000110', 'net_assets', 1, 2024, '2025-06-30', 470000, 'verified', false, $fixture${"value":470000,"unit":"USD","period":{"tax_year":2024,"fy_end":"2025-06-30","label":"FY2024 (Jul 2024–Jun 2025)"},"quality_state":"verified","source":{"source_key":"irs_990_xml","form_type":"990","filing_id":"03-0000110-2024-990","source_path":"/Return/ReturnData/IRS990/NetAssetsOrFundBalancesEOYAmt","raw_url":"https://example.test/filings/03-0000110-2024-990.xml","is_amended":false},"retrieved_at":"2026-07-20T12:00:00Z","parser_version":"cm-2026.07.1","metric":null}$fixture$::jsonb, '2026-07-21T12:00:00Z');
INSERT INTO read.org_financial_series (id, snapshot_id, organization_id, series_key, series_version, tax_year, fiscal_year_end, value, quality_state, is_amended, source_ref, created_at) VALUES ('00000000-0000-4000-8000-000000000362', '00000000-0000-4000-8000-000000000001', '00000000-0000-4000-8000-000000000109', 'total_revenue', 1, 2024, '2024-10-31', 385000, 'verified', false, $fixture${"value":385000,"unit":"USD","period":{"tax_year":2024,"fy_end":"2024-10-31","label":"FY2024 (Nov 2023–Oct 2024)"},"quality_state":"verified","source":{"source_key":"irs_990_xml","form_type":"990","filing_id":"02-0000109-2024-990","source_path":"/Return/ReturnData/IRS990/CYTotalRevenueAmt","raw_url":"https://example.test/filings/02-0000109-2024-990.xml","is_amended":false},"retrieved_at":"2026-07-20T12:00:00Z","parser_version":"cm-2026.07.1","metric":null}$fixture$::jsonb, '2026-07-21T12:00:00Z');
INSERT INTO read.org_financial_series (id, snapshot_id, organization_id, series_key, series_version, tax_year, fiscal_year_end, value, quality_state, is_amended, source_ref, created_at) VALUES ('00000000-0000-4000-8000-000000000363', '00000000-0000-4000-8000-000000000001', '00000000-0000-4000-8000-000000000109', 'total_expenses', 1, 2024, '2024-10-31', 350000, 'verified', false, $fixture${"value":350000,"unit":"USD","period":{"tax_year":2024,"fy_end":"2024-10-31","label":"FY2024 (Nov 2023–Oct 2024)"},"quality_state":"verified","source":{"source_key":"irs_990_xml","form_type":"990","filing_id":"02-0000109-2024-990","source_path":"/Return/ReturnData/IRS990/TotalExpensesAmt","raw_url":"https://example.test/filings/02-0000109-2024-990.xml","is_amended":false},"retrieved_at":"2026-07-20T12:00:00Z","parser_version":"cm-2026.07.1","metric":null}$fixture$::jsonb, '2026-07-21T12:00:00Z');
INSERT INTO read.org_financial_series (id, snapshot_id, organization_id, series_key, series_version, tax_year, fiscal_year_end, value, quality_state, is_amended, source_ref, created_at) VALUES ('00000000-0000-4000-8000-000000000364', '00000000-0000-4000-8000-000000000001', '00000000-0000-4000-8000-000000000109', 'net_assets', 1, 2024, '2024-10-31', 610000, 'verified', false, $fixture${"value":610000,"unit":"USD","period":{"tax_year":2024,"fy_end":"2024-10-31","label":"FY2024 (Nov 2023–Oct 2024)"},"quality_state":"verified","source":{"source_key":"irs_990_xml","form_type":"990","filing_id":"02-0000109-2024-990","source_path":"/Return/ReturnData/IRS990/NetAssetsOrFundBalancesEOYAmt","raw_url":"https://example.test/filings/02-0000109-2024-990.xml","is_amended":false},"retrieved_at":"2026-07-20T12:00:00Z","parser_version":"cm-2026.07.1","metric":null}$fixture$::jsonb, '2026-07-21T12:00:00Z');
INSERT INTO read.org_filing_coverage (snapshot_id, organization_id, tax_year, status, created_at) VALUES ('00000000-0000-4000-8000-000000000001', '00000000-0000-4000-8000-000000000111', 2022, '990', '2026-07-21T12:00:00Z');
INSERT INTO read.org_filing_coverage (snapshot_id, organization_id, tax_year, status, created_at) VALUES ('00000000-0000-4000-8000-000000000001', '00000000-0000-4000-8000-000000000111', 2023, '990', '2026-07-21T12:00:00Z');
INSERT INTO read.org_filing_coverage (snapshot_id, organization_id, tax_year, status, created_at) VALUES ('00000000-0000-4000-8000-000000000001', '00000000-0000-4000-8000-000000000111', 2024, '990', '2026-07-21T12:00:00Z');
INSERT INTO read.org_filing_coverage (snapshot_id, organization_id, tax_year, status, created_at) VALUES ('00000000-0000-4000-8000-000000000001', '00000000-0000-4000-8000-000000000107', 2022, '990', '2026-07-21T12:00:00Z');
INSERT INTO read.org_filing_coverage (snapshot_id, organization_id, tax_year, status, created_at) VALUES ('00000000-0000-4000-8000-000000000001', '00000000-0000-4000-8000-000000000107', 2023, '990', '2026-07-21T12:00:00Z');
INSERT INTO read.org_filing_coverage (snapshot_id, organization_id, tax_year, status, created_at) VALUES ('00000000-0000-4000-8000-000000000001', '00000000-0000-4000-8000-000000000107', 2024, '990', '2026-07-21T12:00:00Z');
INSERT INTO read.org_filing_coverage (snapshot_id, organization_id, tax_year, status, created_at) VALUES ('00000000-0000-4000-8000-000000000001', '00000000-0000-4000-8000-000000000102', 2022, '990ez', '2026-07-21T12:00:00Z');
INSERT INTO read.org_filing_coverage (snapshot_id, organization_id, tax_year, status, created_at) VALUES ('00000000-0000-4000-8000-000000000001', '00000000-0000-4000-8000-000000000102', 2023, '990ez', '2026-07-21T12:00:00Z');
INSERT INTO read.org_filing_coverage (snapshot_id, organization_id, tax_year, status, created_at) VALUES ('00000000-0000-4000-8000-000000000001', '00000000-0000-4000-8000-000000000102', 2024, '990ez', '2026-07-21T12:00:00Z');
INSERT INTO read.org_filing_coverage (snapshot_id, organization_id, tax_year, status, created_at) VALUES ('00000000-0000-4000-8000-000000000001', '00000000-0000-4000-8000-000000000112', 2020, '990', '2026-07-21T12:00:00Z');
INSERT INTO read.org_filing_coverage (snapshot_id, organization_id, tax_year, status, created_at) VALUES ('00000000-0000-4000-8000-000000000001', '00000000-0000-4000-8000-000000000112', 2021, '990', '2026-07-21T12:00:00Z');
INSERT INTO read.org_filing_coverage (snapshot_id, organization_id, tax_year, status, created_at) VALUES ('00000000-0000-4000-8000-000000000001', '00000000-0000-4000-8000-000000000112', 2022, '990', '2026-07-21T12:00:00Z');
INSERT INTO read.org_filing_coverage (snapshot_id, organization_id, tax_year, status, created_at) VALUES ('00000000-0000-4000-8000-000000000001', '00000000-0000-4000-8000-000000000112', 2023, '990', '2026-07-21T12:00:00Z');
INSERT INTO read.org_filing_coverage (snapshot_id, organization_id, tax_year, status, created_at) VALUES ('00000000-0000-4000-8000-000000000001', '00000000-0000-4000-8000-000000000112', 2024, '990', '2026-07-21T12:00:00Z');
INSERT INTO read.org_filing_coverage (snapshot_id, organization_id, tax_year, status, created_at) VALUES ('00000000-0000-4000-8000-000000000001', '00000000-0000-4000-8000-000000000104', 2020, '990', '2026-07-21T12:00:00Z');
INSERT INTO read.org_filing_coverage (snapshot_id, organization_id, tax_year, status, created_at) VALUES ('00000000-0000-4000-8000-000000000001', '00000000-0000-4000-8000-000000000104', 2021, 'missing', '2026-07-21T12:00:00Z');
INSERT INTO read.org_filing_coverage (snapshot_id, organization_id, tax_year, status, created_at) VALUES ('00000000-0000-4000-8000-000000000001', '00000000-0000-4000-8000-000000000104', 2022, '990', '2026-07-21T12:00:00Z');
INSERT INTO read.org_filing_coverage (snapshot_id, organization_id, tax_year, status, created_at) VALUES ('00000000-0000-4000-8000-000000000001', '00000000-0000-4000-8000-000000000104', 2023, '990', '2026-07-21T12:00:00Z');
INSERT INTO read.org_filing_coverage (snapshot_id, organization_id, tax_year, status, created_at) VALUES ('00000000-0000-4000-8000-000000000001', '00000000-0000-4000-8000-000000000104', 2024, '990', '2026-07-21T12:00:00Z');
INSERT INTO read.org_filing_coverage (snapshot_id, organization_id, tax_year, status, created_at) VALUES ('00000000-0000-4000-8000-000000000001', '00000000-0000-4000-8000-000000000108', 2024, '990', '2026-07-21T12:00:00Z');
INSERT INTO read.org_filing_coverage (snapshot_id, organization_id, tax_year, status, created_at) VALUES ('00000000-0000-4000-8000-000000000001', '00000000-0000-4000-8000-000000000103', 2022, '990n', '2026-07-21T12:00:00Z');
INSERT INTO read.org_filing_coverage (snapshot_id, organization_id, tax_year, status, created_at) VALUES ('00000000-0000-4000-8000-000000000001', '00000000-0000-4000-8000-000000000103', 2023, '990n', '2026-07-21T12:00:00Z');
INSERT INTO read.org_filing_coverage (snapshot_id, organization_id, tax_year, status, created_at) VALUES ('00000000-0000-4000-8000-000000000001', '00000000-0000-4000-8000-000000000103', 2024, '990n', '2026-07-21T12:00:00Z');
INSERT INTO read.org_filing_coverage (snapshot_id, organization_id, tax_year, status, created_at) VALUES ('00000000-0000-4000-8000-000000000001', '00000000-0000-4000-8000-000000000101', 2020, '990', '2026-07-21T12:00:00Z');
INSERT INTO read.org_filing_coverage (snapshot_id, organization_id, tax_year, status, created_at) VALUES ('00000000-0000-4000-8000-000000000001', '00000000-0000-4000-8000-000000000101', 2021, '990', '2026-07-21T12:00:00Z');
INSERT INTO read.org_filing_coverage (snapshot_id, organization_id, tax_year, status, created_at) VALUES ('00000000-0000-4000-8000-000000000001', '00000000-0000-4000-8000-000000000101', 2022, '990', '2026-07-21T12:00:00Z');
INSERT INTO read.org_filing_coverage (snapshot_id, organization_id, tax_year, status, created_at) VALUES ('00000000-0000-4000-8000-000000000001', '00000000-0000-4000-8000-000000000101', 2023, '990', '2026-07-21T12:00:00Z');
INSERT INTO read.org_filing_coverage (snapshot_id, organization_id, tax_year, status, created_at) VALUES ('00000000-0000-4000-8000-000000000001', '00000000-0000-4000-8000-000000000101', 2024, '990', '2026-07-21T12:00:00Z');
INSERT INTO read.org_filing_coverage (snapshot_id, organization_id, tax_year, status, created_at) VALUES ('00000000-0000-4000-8000-000000000001', '00000000-0000-4000-8000-000000000106', 2022, '990', '2026-07-21T12:00:00Z');
INSERT INTO read.org_filing_coverage (snapshot_id, organization_id, tax_year, status, created_at) VALUES ('00000000-0000-4000-8000-000000000001', '00000000-0000-4000-8000-000000000106', 2023, '990', '2026-07-21T12:00:00Z');
INSERT INTO read.org_filing_coverage (snapshot_id, organization_id, tax_year, status, created_at) VALUES ('00000000-0000-4000-8000-000000000001', '00000000-0000-4000-8000-000000000106', 2024, '990', '2026-07-21T12:00:00Z');
INSERT INTO read.org_filing_coverage (snapshot_id, organization_id, tax_year, status, created_at) VALUES ('00000000-0000-4000-8000-000000000001', '00000000-0000-4000-8000-000000000105', 2020, '990', '2026-07-21T12:00:00Z');
INSERT INTO read.org_filing_coverage (snapshot_id, organization_id, tax_year, status, created_at) VALUES ('00000000-0000-4000-8000-000000000001', '00000000-0000-4000-8000-000000000105', 2021, '990', '2026-07-21T12:00:00Z');
INSERT INTO read.org_filing_coverage (snapshot_id, organization_id, tax_year, status, created_at) VALUES ('00000000-0000-4000-8000-000000000001', '00000000-0000-4000-8000-000000000105', 2022, 'amended', '2026-07-21T12:00:00Z');
INSERT INTO read.org_filing_coverage (snapshot_id, organization_id, tax_year, status, created_at) VALUES ('00000000-0000-4000-8000-000000000001', '00000000-0000-4000-8000-000000000105', 2023, '990', '2026-07-21T12:00:00Z');
INSERT INTO read.org_filing_coverage (snapshot_id, organization_id, tax_year, status, created_at) VALUES ('00000000-0000-4000-8000-000000000001', '00000000-0000-4000-8000-000000000105', 2024, '990', '2026-07-21T12:00:00Z');
INSERT INTO read.org_filing_coverage (snapshot_id, organization_id, tax_year, status, created_at) VALUES ('00000000-0000-4000-8000-000000000001', '00000000-0000-4000-8000-000000000110', 2020, '990', '2026-07-21T12:00:00Z');
INSERT INTO read.org_filing_coverage (snapshot_id, organization_id, tax_year, status, created_at) VALUES ('00000000-0000-4000-8000-000000000001', '00000000-0000-4000-8000-000000000110', 2021, '990', '2026-07-21T12:00:00Z');
INSERT INTO read.org_filing_coverage (snapshot_id, organization_id, tax_year, status, created_at) VALUES ('00000000-0000-4000-8000-000000000001', '00000000-0000-4000-8000-000000000110', 2022, '990', '2026-07-21T12:00:00Z');
INSERT INTO read.org_filing_coverage (snapshot_id, organization_id, tax_year, status, created_at) VALUES ('00000000-0000-4000-8000-000000000001', '00000000-0000-4000-8000-000000000110', 2023, '990', '2026-07-21T12:00:00Z');
INSERT INTO read.org_filing_coverage (snapshot_id, organization_id, tax_year, status, created_at) VALUES ('00000000-0000-4000-8000-000000000001', '00000000-0000-4000-8000-000000000110', 2024, '990', '2026-07-21T12:00:00Z');
INSERT INTO read.org_filing_coverage (snapshot_id, organization_id, tax_year, status, created_at) VALUES ('00000000-0000-4000-8000-000000000001', '00000000-0000-4000-8000-000000000109', 2022, '990', '2026-07-21T12:00:00Z');
INSERT INTO read.org_filing_coverage (snapshot_id, organization_id, tax_year, status, created_at) VALUES ('00000000-0000-4000-8000-000000000001', '00000000-0000-4000-8000-000000000109', 2023, '990', '2026-07-21T12:00:00Z');
INSERT INTO read.org_filing_coverage (snapshot_id, organization_id, tax_year, status, created_at) VALUES ('00000000-0000-4000-8000-000000000001', '00000000-0000-4000-8000-000000000109', 2024, '990', '2026-07-21T12:00:00Z');
INSERT INTO read.org_peer_cohort (snapshot_id, organization_id, cohort_key, reason_labels, created_at) VALUES ('00000000-0000-4000-8000-000000000001', '00000000-0000-4000-8000-000000000111', 'regional-community-sweep', $fixture$["shared fixture peer cohort"]$fixture$::jsonb, '2026-07-21T12:00:00Z');
INSERT INTO read.org_peer_cohort (snapshot_id, organization_id, cohort_key, reason_labels, created_at) VALUES ('00000000-0000-4000-8000-000000000001', '00000000-0000-4000-8000-000000000112', 'regional-community-sweep', $fixture$["shared fixture peer cohort"]$fixture$::jsonb, '2026-07-21T12:00:00Z');
INSERT INTO read.org_slug_history (slug, snapshot_id, org_id, is_current, created_at) VALUES ('bayward-community-rowing', '00000000-0000-4000-8000-000000000001', '00000000-0000-4000-8000-000000000111', true, '2026-07-21T12:00:00Z');
INSERT INTO read.org_slug_history (slug, snapshot_id, org_id, is_current, created_at) VALUES ('blue-heron-community-oars', '00000000-0000-4000-8000-000000000001', '00000000-0000-4000-8000-000000000107', true, '2026-07-21T12:00:00Z');
INSERT INTO read.org_slug_history (slug, snapshot_id, org_id, is_current, created_at) VALUES ('cedar-point-barge-club', '00000000-0000-4000-8000-000000000001', '00000000-0000-4000-8000-000000000102', true, '2026-07-21T12:00:00Z');
INSERT INTO read.org_slug_history (slug, snapshot_id, org_id, is_current, created_at) VALUES ('cobalt-reach-club', '00000000-0000-4000-8000-000000000001', '00000000-0000-4000-8000-000000000112', true, '2026-07-21T12:00:00Z');
INSERT INTO read.org_slug_history (slug, snapshot_id, org_id, is_current, created_at) VALUES ('harborview-scholastic-oars', '00000000-0000-4000-8000-000000000001', '00000000-0000-4000-8000-000000000104', true, '2026-07-21T12:00:00Z');
INSERT INTO read.org_slug_history (slug, snapshot_id, org_id, is_current, created_at) VALUES ('juniper-creek-rowing', '00000000-0000-4000-8000-000000000001', '00000000-0000-4000-8000-000000000108', true, '2026-07-21T12:00:00Z');
INSERT INTO read.org_slug_history (slug, snapshot_id, org_id, is_current, created_at) VALUES ('larkspur-river-adaptive', '00000000-0000-4000-8000-000000000001', '00000000-0000-4000-8000-000000000103', true, '2026-07-21T12:00:00Z');
INSERT INTO read.org_slug_history (slug, snapshot_id, org_id, is_current, created_at) VALUES ('millbrook-community-rowing', '00000000-0000-4000-8000-000000000001', '00000000-0000-4000-8000-000000000101', true, '2026-07-21T12:00:00Z');
INSERT INTO read.org_slug_history (slug, snapshot_id, org_id, is_current, created_at) VALUES ('northfield-masters-rowing', '00000000-0000-4000-8000-000000000001', '00000000-0000-4000-8000-000000000106', true, '2026-07-21T12:00:00Z');
INSERT INTO read.org_slug_history (slug, snapshot_id, org_id, is_current, created_at) VALUES ('pineglass-collegiate-club', '00000000-0000-4000-8000-000000000001', '00000000-0000-4000-8000-000000000105', true, '2026-07-21T12:00:00Z');
INSERT INTO read.org_slug_history (slug, snapshot_id, org_id, is_current, created_at) VALUES ('redstone-river-collective', '00000000-0000-4000-8000-000000000001', '00000000-0000-4000-8000-000000000110', true, '2026-07-21T12:00:00Z');
INSERT INTO read.org_slug_history (slug, snapshot_id, org_id, is_current, created_at) VALUES ('silverplain-river-collective', '00000000-0000-4000-8000-000000000001', '00000000-0000-4000-8000-000000000109', true, '2026-07-21T12:00:00Z');
INSERT INTO read.org_slug_history (slug, snapshot_id, org_id, is_current, created_at) VALUES ('redstone-river-club-301s', '00000000-0000-4000-8000-000000000001', '00000000-0000-4000-8000-000000000110', false, '2026-07-21T12:00:00Z');
COMMIT;
